-0.0252,-0.0137
0.1189,-0.6624
0.1755,-0.7684
0.2369,-0.8746
0.2994,-0.9747
0.3585,-1.0616
0.411,-1.1302
0.4557,-1.1797
0.4933,-1.2126
0.5249,-1.2332
0.5519,-1.2455
0.5752,-1.2526
0.5956,-1.2564
0.6139,-1.2583
0.6303,-1.2591
0.6453,-1.2593
0.6591,-1.2591
0.6719,-1.2588
0.6839,-1.2583
0.6951,-1.2579
0.7057,-1.2575
0.7159,-1.2571
0.7255,-1.2568
0.7348,-1.2564
0.7438,-1.2561
0.7525,-1.2558
0.7609,-1.2554
0.7692,-1.2551
0.7772,-1.2547
0.7852,-1.2543
0.7929,-1.2539
0.8006,-1.2535
0.8081,-1.253
0.8156,-1.2525
0.823,-1.252
0.8303,-1.2514
0.8376,-1.2507
0.8448,-1.25
0.8519,-1.2493
0.859,-1.2486
0.8661,-1.2478
0.8731,-1.2469
0.8801,-1.2461
0.887,-1.2451
0.8939,-1.2442
0.9008,-1.2432
0.9076,-1.2423
0.9143,-1.2412
0.921,-1.2402
0.9277,-1.2392
0.9344,-1.2381
0.9409,-1.237
0.9475,-1.2359
0.9539,-1.2348
0.9604,-1.2337
0.9667,-1.2326
0.9731,-1.2315
0.9793,-1.2304
0.9855,-1.2293
0.9917,-1.2283
0.9977,-1.2272
1.0037,-1.2262
1.0097,-1.2251
1.0155,-1.2241
1.0213,-1.2231
1.0271,-1.2222
1.0327,-1.2212
1.0383,-1.2203
1.0438,-1.2195
1.0493,-1.2186
1.0546,-1.2178
1.0599,-1.217
1.0651,-1.2163
1.0703,-1.2156
1.0753,-1.2149
1.0803,-1.2143
1.0852,-1.2137
1.0901,-1.2132
1.0948,-1.2127
1.0995,-1.2123
1.1041,-1.2119
1.1087,-1.2115
1.1131,-1.2112
1.1175,-1.211
1.1218,-1.2108
1.1261,-1.2106
1.1303,-1.2105
1.1344,-1.2104
1.1384,-1.2104
1.1424,-1.2104
1.1463,-1.2105
1.1502,-1.2107
1.154,-1.2109
1.1577,-1.2111
1.1614,-1.2114
1.165,-1.2117
1.1685,-1.2121
1.172,-1.2125
1.1755,-1.213
1.1789,-1.2135
1.1823,-1.2141
1.1856,-1.2147
1.1889,-1.2154
1.1921,-1.2161
1.1953,-1.2169
1.1984,-1.2178
1.2015,-1.2186
1.2046,-1.2196
1.2077,-1.2205
1.2107,-1.2216
1.2137,-1.2226
1.2167,-1.2238
1.2196,-1.2249
1.2226,-1.2262
1.2255,-1.2274
1.2284,-1.2288
1.2313,-1.2302
1.2342,-1.2316
1.2371,-1.2331
1.24,-1.2347
1.2429,-1.2363
1.2458,-1.238
1.2487,-1.2398
1.2517,-1.2416
1.2546,-1.2435
1.2576,-1.2455
1.2607,-1.2476
1.2637,-1.2497
1.2668,-1.252
1.27,-1.2543
1.2732,-1.2568
1.2765,-1.2593
1.2799,-1.262
1.2833,-1.2648
1.2869,-1.2677
1.2905,-1.2708
1.2943,-1.274
1.2982,-1.2774
1.3022,-1.281
1.3064,-1.2848
1.3108,-1.2889
1.3154,-1.2931
1.3202,-1.2976
1.3252,-1.3024
1.3304,-1.3074
1.3359,-1.3128
1.3417,-1.3184
1.3477,-1.3244
1.354,-1.3307
1.3606,-1.3373
1.3675,-1.3442
1.3746,-1.3514
1.382,-1.3588
1.3895,-1.3665
1.3972,-1.3742
1.405,-1.3821
1.4128,-1.39
1.4206,-1.3979
1.4284,-1.4058
1.436,-1.4135
1.4435,-1.421
1.4507,-1.4282
1.4577,-1.4353
1.4644,-1.442
1.4709,-1.4484
1.477,-1.4545
1.4827,-1.4602
1.4881,-1.4655
1.4932,-1.4705
1.498,-1.4751
1.5024,-1.4793
1.5064,-1.4832
1.5101,-1.4867
1.5136,-1.4899
1.5167,-1.4927
1.5195,-1.4951
1.522,-1.4973
1.5243,-1.4992
1.5263,-1.5008
1.528,-1.5021
1.5296,-1.5032
1.5309,-1.5041
1.5321,-1.5047
1.533,-1.5052
1.5338,-1.5055
1.5344,-1.5056
1.5349,-1.5055
1.5353,-1.5053
1.5355,-1.505
1.5356,-1.5046
1.5356,-1.5041
1.5354,-1.5035
1.5352,-1.5028
1.535,-1.502
1.5346,-1.5011
1.5341,-1.5002
1.5336,-1.4993
1.5331,-1.4983
1.5324,-1.4972
1.5318,-1.4961
1.5311,-1.495
1.5303,-1.4939
1.5295,-1.4927
1.5287,-1.4915
1.5278,-1.4754
1.5288,-1.4626
1.5307,-1.4522
1.533,-1.4434
1.5356,-1.4358
1.5381,-1.429
1.5406,-1.4229
1.5429,-1.4172
1.545,-1.4119
1.5469,-1.4069
1.5486,-1.4022
1.5501,-1.3977
1.5514,-1.3934
1.5525,-1.3892
1.5535,-1.3852
1.5542,-1.3813
1.5548,-1.3776
1.5553,-1.3739
1.5557,-1.3703
1.5559,-1.3668
1.5561,-1.3634
1.5561,-1.3601
1.5561,-1.3568
1.556,-1.3536
1.5558,-1.3505
1.5556,-1.3474
1.5553,-1.3443
1.5549,-1.3413
1.5545,-1.3383
1.5541,-1.3354
1.5536,-1.3325
1.5531,-1.3297
1.5526,-1.3269
1.552,-1.3241
1.5514,-1.3213
1.5508,-1.3186
1.5502,-1.3159
1.5496,-1.3132
1.5489,-1.3105
1.5482,-1.3078
1.5476,-1.3052
1.5469,-1.3026
1.5462,-1.3
1.5455,-1.2974
1.5448,-1.2949
1.5441,-1.2923
1.5434,-1.2898
1.5427,-1.2873
1.542,-1.2848
1.5413,-1.2823
1.5406,-1.2798
1.5399,-1.2773
1.5392,-1.2749
1.5385,-1.2724
1.5378,-1.27
1.5371,-1.2676
1.5364,-1.2652
1.5358,-1.2628
1.5351,-1.2604
1.5344,-1.258
1.5337,-1.2556
1.5331,-1.2533
1.5324,-1.2509
1.5318,-1.2486
1.5311,-1.2462
1.5305,-1.2439
1.5298,-1.2416
1.5292,-1.2393
1.5286,-1.237
1.528,-1.2347
1.5274,-1.2324
1.5268,-1.2301
1.5262,-1.2278
1.5256,-1.2256
1.525,-1.2233
1.5244,-1.2211
1.5238,-1.2188
1.5233,-1.2166
1.5227,-1.2144
1.5222,-1.2122
1.5216,-1.2099
1.5211,-1.2077
1.5205,-1.2055
1.52,-1.2034
1.5195,-1.2012
1.519,-1.199
1.5185,-1.1968
1.518,-1.1947
1.5175,-1.1925
1.517,-1.1904
1.5165,-1.1882
1.516,-1.1861
1.5155,-1.1839
1.515,-1.1818
1.5146,-1.1797
1.5141,-1.1776
1.5137,-1.1755
1.5132,-1.1734
1.5128,-1.1713
1.5123,-1.1692
1.5119,-1.1671
1.5115,-1.1651
1.5111,-1.163
1.5107,-1.1609
1.5102,-1.1589
1.5098,-1.1568
1.5094,-1.1548
1.5091,-1.1527
1.5087,-1.1507
1.5083,-1.1487
1.5079,-1.1466
1.5075,-1.1446
1.5072,-1.1426
1.5068,-1.1406
1.5064,-1.1386
1.5061,-1.1366
1.5057,-1.1346
1.5054,-1.1326
1.505,-1.1307
1.5047,-1.1287
1.5044,-1.1267
1.504,-1.1247
1.5037,-1.1228
1.5034,-1.1208
1.5031,-1.1189
1.5028,-1.1169
1.5024,-1.115
1.5021,-1.1131
1.5018,-1.1111
1.5015,-1.1092
1.5012,-1.1073
1.501,-1.1054
1.5007,-1.1035
1.5004,-1.1015
1.5001,-1.0996
1.4998,-1.0977
1.4996,-1.0959
1.4993,-1.094
1.499,-1.0921
1.4988,-1.0902
1.4985,-1.0883
1.4983,-1.0865
1.498,-1.0846
1.4978,-1.0827
1.4975,-1.0809
1.4973,-1.079
1.4971,-1.0772
1.4968,-1.0753
1.4966,-1.0735
1.4964,-1.0716
1.4962,-1.0698
1.4959,-1.068
1.4957,-1.0662
1.4955,-1.0643
1.4953,-1.0625
1.4951,-1.0607
1.4949,-1.0589
1.4947,-1.0571
1.4945,-1.0553
1.4943,-1.0535
1.4941,-1.0517
1.4939,-1.0499
1.4937,-1.0481
1.4935,-1.0463
1.4934,-1.0446
1.4932,-1.0428
1.493,-1.041
1.4928,-1.0392
1.4927,-1.0375
1.4925,-1.0357
1.4923,-1.034
1.4922,-1.0322
1.492,-1.0305
1.4918,-1.0287
1.4917,-1.027
1.4915,-1.0252
1.4914,-1.0235
1.4912,-1.0218
1.4911,-1.02
1.4909,-1.0183
1.4908,-1.0166
1.4907,-1.0149
1.4905,-1.0132
1.4904,-1.0115
1.4903,-1.0097
1.4901,-1.008
1.49,-1.0063
1.4899,-1.0046
1.4897,-1.0029
1.4896,-1.0013
1.4895,-0.9996
1.4894,-0.9979
1.4893,-0.9962
1.4891,-0.9945
1.489,-0.9928
1.4889,-0.9912
1.4888,-0.9895
1.4887,-0.9878
1.4886,-0.9862
1.4885,-0.9845
1.4884,-0.9828
1.4883,-0.9812
1.4882,-0.9795
1.4881,-0.9779
1.488,-0.9762
1.4879,-0.9746
1.4878,-0.9729
1.4877,-0.9713
1.4877,-0.9697
1.4876,-0.968
1.4875,-0.9664
1.4874,-0.9648
1.4873,-0.9632
1.4872,-0.9615
1.4872,-0.9599
1.4871,-0.9583
1.487,-0.9567
1.4869,-0.9551
1.4869,-0.9535
1.4868,-0.9519
1.4867,-0.9503
1.4867,-0.9487
1.4866,-0.9471
1.4865,-0.9455
1.4865,-0.9439
1.4864,-0.9423
1.4863,-0.9407
1.4863,-0.9391
1.4862,-0.9375
1.4862,-0.9359
1.4861,-0.9344
1.4861,-0.9328
1.486,-0.9312
1.486,-0.9296
1.4859,-0.9281
1.4859,-0.9265
1.4858,-0.9249
1.4858,-0.9234
1.4857,-0.9218
1.4857,-0.9203
1.4856,-0.9187
1.4856,-0.9172
1.4855,-0.9156
1.4855,-0.9141
1.4855,-0.9125
1.4854,-0.911
1.4854,-0.9094
1.4854,-0.9079
1.4853,-0.9064
1.4853,-0.9048
1.4852,-0.9033
1.4852,-0.9018
1.4852,-0.9002
1.4852,-0.8987
1.4851,-0.8972
1.4851,-0.8957
1.4851,-0.8942
1.485,-0.8926
1.485,-0.8911
1.485,-0.8896
1.485,-0.8881
1.4849,-0.8866
1.4849,-0.8851
1.4849,-0.8836
1.4849,-0.8821
1.4849,-0.8806
1.4848,-0.8791
1.4848,-0.8776
1.4848,-0.8761
1.4848,-0.8746
1.4848,-0.8731
1.4847,-0.8716
1.4847,-0.8701
1.4847,-0.8687
1.4847,-0.8672
1.4847,-0.8657
1.4847,-0.8642
1.4847,-0.8627
1.4846,-0.8613
1.4846,-0.8598
1.4846,-0.8583
1.4846,-0.8569
1.4846,-0.8554
1.4846,-0.8539
1.4846,-0.8525
1.4846,-0.851
1.4846,-0.8495
1.4846,-0.8481
1.4846,-0.8466
1.4845,-0.8452
1.4845,-0.8437
1.4845,-0.8423
1.4845,-0.8408
1.4845,-0.8394
1.4845,-0.8379
1.4845,-0.8365
1.4845,-0.835
1.4845,-0.8336
1.4845,-0.8321
1.4845,-0.8307
1.4845,-0.8293
1.4845,-0.8278
1.4845,-0.8264
1.4845,-0.825
1.4845,-0.8235
1.4845,-0.8221
1.4845,-0.8207
1.4845,-0.8192
1.4845,-0.8178
1.4845,-0.8164
1.4845,-0.815
1.4845,-0.8136
1.4845,-0.8121
1.4845,-0.8107
1.4845,-0.8093
1.4845,-0.8079
1.4845,-0.8065
1.4845,-0.8051
1.4845,-0.8036
1.4845,-0.8022
1.4845,-0.8008
1.4845,-0.7994
1.4845,-0.798
1.4845,-0.7966
1.4845,-0.7952
1.4845,-0.7938
1.4845,-0.7924
1.4845,-0.791
1.4845,-0.7896
1.4845,-0.7882
1.4845,-0.7868
1.4845,-0.7854
1.4845,-0.784
1.4845,-0.7827
1.4845,-0.7813
1.4846,-0.7799
1.4846,-0.7785
1.4846,-0.7771
1.4846,-0.7757
1.4846,-0.7743
1.4846,-0.773
1.4846,-0.7716
1.4846,-0.7702
1.4846,-0.7688
1.4846,-0.7674
1.4846,-0.7661
1.4846,-0.7647
1.4846,-0.7633
1.4846,-0.7619
1.4846,-0.7606
1.4846,-0.7592
1.4846,-0.7578
1.4846,-0.7565
1.4846,-0.7551
1.4846,-0.7537
1.4846,-0.7524
1.4846,-0.751
1.4846,-0.7496
1.4846,-0.7483
1.4846,-0.7469
1.4846,-0.7456
1.4846,-0.7442
1.4846,-0.7428
1.4846,-0.7415
1.4846,-0.7401
1.4846,-0.7388
1.4846,-0.7374
1.4845,-0.7361
1.4845,-0.7347
1.4845,-0.7334
1.4845,-0.732
1.4845,-0.7307
1.4845,-0.7293
1.4845,-0.728
1.4845,-0.7266
1.4845,-0.7253
1.4845,-0.7239
1.4845,-0.7226
1.4845,-0.7212
1.4845,-0.7199
1.4845,-0.7185
1.4844,-0.7172
1.4844,-0.7159
1.4844,-0.7145
1.4844,-0.7132
1.4844,-0.7118
1.4844,-0.7105
1.4844,-0.7092
1.4844,-0.7078
1.4843,-0.7065
1.4843,-0.7052
1.4843,-0.7038
1.4843,-0.7025
1.4843,-0.7012
1.4843,-0.6998
1.4843,-0.6985
1.4842,-0.6972
1.4842,-0.6958
1.4842,-0.6945
1.4842,-0.6932
1.4842,-0.6918
1.4841,-0.6905
1.4841,-0.6892
1.4841,-0.6878
1.4841,-0.6865
1.484,-0.6852
1.484,-0.6839
1.484,-0.6825
1.484,-0.6812
1.4839,-0.6799
1.4839,-0.6786
1.4839,-0.6772
1.4838,-0.6759
1.4838,-0.6746
1.4838,-0.6733
1.4837,-0.6719
1.4837,-0.6706
1.4837,-0.6693
1.4836,-0.668
1.4836,-0.6667
1.4836,-0.6653
1.4835,-0.664
1.4835,-0.6627
1.4835,-0.6614
1.4834,-0.6601
1.4834,-0.6587
1.4833,-0.6574
1.4833,-0.6561
1.4832,-0.6548
1.4832,-0.6535
1.4832,-0.6521
1.4831,-0.6508
1.4831,-0.6495
1.483,-0.6482
1.483,-0.6469
1.4829,-0.6455
1.4829,-0.6442
1.4828,-0.6429
1.4828,-0.6416
1.4827,-0.6403
1.4826,-0.639
1.4826,-0.6376
1.4825,-0.6363
1.4825,-0.635
1.4824,-0.6337
1.4824,-0.6324
1.4823,-0.631
1.4822,-0.6297
1.4822,-0.6284
1.4821,-0.6271
1.482,-0.6258
1.482,-0.6245
1.4819,-0.6231
1.4818,-0.6218
1.4817,-0.6205
1.4817,-0.6192
1.4816,-0.6179
1.4815,-0.6165
1.4815,-0.6152
1.4814,-0.6139
1.4813,-0.6126
1.4812,-0.6113
1.4811,-0.61
1.481,-0.6086
1.481,-0.6073
1.4809,-0.606
1.4808,-0.6047
1.4807,-0.6033
1.4806,-0.602
1.4805,-0.6007
1.4804,-0.5994
1.4803,-0.5981
1.4802,-0.5967
1.4801,-0.5954
1.4801,-0.5941
1.48,-0.5928
1.4799,-0.5914
1.4797,-0.5901
1.4796,-0.5888
1.4795,-0.5875
1.4794,-0.5861
1.4793,-0.5848
1.4792,-0.5835
1.4791,-0.5822
1.479,-0.5808
1.4789,-0.5795
1.4788,-0.5782
1.4786,-0.5768
1.4785,-0.5755
1.4784,-0.5742
1.4783,-0.5728
1.4782,-0.5715
1.478,-0.5702
1.4779,-0.5688
1.4778,-0.5675
1.4777,-0.5662
1.4775,-0.5648
1.4774,-0.5635
1.4773,-0.5621
1.4771,-0.5608
1.477,-0.5595
1.4768,-0.5581
1.4767,-0.5568
1.4766,-0.5554
1.4764,-0.5541
1.4763,-0.5527
1.4761,-0.5514
1.476,-0.5501
1.4758,-0.5487
1.4757,-0.5474
1.4755,-0.546
1.4754,-0.5447
1.4752,-0.5433
1.475,-0.5419
1.4749,-0.5406
1.4747,-0.5392
1.4745,-0.5379
1.4744,-0.5365
1.4742,-0.5352
1.474,-0.5338
1.4739,-0.5324
1.4737,-0.5311
1.4735,-0.5297
1.4733,-0.5283
1.4731,-0.527
1.473,-0.5256
1.4728,-0.5242
1.4726,-0.5229
1.4724,-0.5215
1.4722,-0.5201
1.472,-0.5187
1.4718,-0.5174
1.4716,-0.516
1.4714,-0.5146
1.4712,-0.5132
1.471,-0.5118
1.4708,-0.5105
1.4706,-0.5091
1.4704,-0.5077
1.4702,-0.5063
1.47,-0.5049
1.4697,-0.5035
1.4695,-0.5021
1.4693,-0.5007
1.4691,-0.4993
1.4689,-0.4979
1.4686,-0.4965
1.4684,-0.4951
1.4682,-0.4937
1.4679,-0.4923
1.4677,-0.4909
1.4675,-0.4895
1.4672,-0.4881
1.467,-0.4867
1.4667,-0.4852
1.4665,-0.4838
1.4662,-0.4824
1.466,-0.481
1.4657,-0.4796
1.4655,-0.4781
1.4652,-0.4767
1.4649,-0.4753
1.4647,-0.4738
1.4644,-0.4724
1.4641,-0.471
1.4639,-0.4695
1.4636,-0.4681
1.4633,-0.4666
1.463,-0.4652
1.4627,-0.4637
1.4625,-0.4623
1.4622,-0.4608
1.4619,-0.4594
1.4616,-0.4579
1.4613,-0.4564
1.461,-0.455
1.4607,-0.4535
1.4604,-0.452
1.4601,-0.4506
1.4598,-0.4491
1.4595,-0.4476
1.4592,-0.4461
1.4588,-0.4446
1.4585,-0.4432
1.4582,-0.4417
1.4579,-0.4402
1.4575,-0.4387
1.4572,-0.4372
1.4569,-0.4357
1.4565,-0.4342
1.4562,-0.4327
1.4559,-0.4312
1.4555,-0.4296
1.4552,-0.4281
1.4548,-0.4266
1.4545,-0.4251
1.4541,-0.4236
1.4538,-0.422
1.4534,-0.4205
1.453,-0.419
1.4527,-0.4174
1.4523,-0.4159
1.4519,-0.4143
1.4515,-0.4128
1.4512,-0.4112
1.4508,-0.4097
1.4504,-0.4081
1.45,-0.4065
1.4496,-0.405
1.4492,-0.4034
1.4488,-0.4018
1.4484,-0.4003
1.448,-0.3987
1.4476,-0.3971
1.4472,-0.3955
1.4468,-0.3939
1.4464,-0.3923
1.446,-0.3907
1.4455,-0.3891
1.4451,-0.3875
1.4447,-0.3859
1.4443,-0.3843
1.4438,-0.3826
1.4434,-0.381
1.4429,-0.3794
1.4425,-0.3778
1.442,-0.3761
1.4416,-0.3745
1.4411,-0.3728
1.4407,-0.3712
1.4402,-0.3695
1.4398,-0.3679
1.4393,-0.3662
1.4388,-0.3645
1.4383,-0.3629
1.4379,-0.3612
1.4374,-0.3595
1.4369,-0.3578
1.4364,-0.3561
1.4359,-0.3544
1.4354,-0.3527
1.4349,-0.351
1.4344,-0.3493
1.4339,-0.3476
1.4334,-0.3459
1.4329,-0.3441
1.4324,-0.3424
1.4318,-0.3407
1.4313,-0.3389
1.4308,-0.3372
1.4303,-0.3354
1.4297,-0.3337
1.4292,-0.3319
1.4286,-0.3301
1.4281,-0.3284
1.4275,-0.3266
1.427,-0.3248
1.4264,-0.323
1.4259,-0.3212
1.4253,-0.3194
1.4247,-0.3176
1.4242,-0.3158
1.4236,-0.314
1.423,-0.3122
1.4224,-0.3103
1.4218,-0.3085
1.4212,-0.3067
1.4206,-0.3048
1.42,-0.303
1.4194,-0.3011
1.4188,-0.2992
1.4182,-0.2974
1.4176,-0.2955
1.417,-0.2936
1.4164,-0.2917
1.4157,-0.2898
1.4151,-0.2879
1.4145,-0.286
1.4138,-0.2841
1.4132,-0.2822
1.4125,-0.2802
1.4119,-0.2783
1.4112,-0.2763
1.4106,-0.2744
1.4099,-0.2724
1.4092,-0.2705
1.4086,-0.2685
1.4079,-0.2665
1.4072,-0.2645
1.4065,-0.2626
1.4058,-0.2606
1.4051,-0.2585
1.4044,-0.2565
1.4037,-0.2545
1.403,-0.2525
1.4023,-0.2504
1.4016,-0.2484
1.4009,-0.2464
1.4002,-0.2443
1.3994,-0.2422
1.3987,-0.2402
1.398,-0.2381
1.3972,-0.236
1.3965,-0.2339
1.3957,-0.2318
1.395,-0.2297
1.3942,-0.2275
1.3935,-0.2254
1.3927,-0.2233
1.3919,-0.2211
1.3911,-0.219
1.3904,-0.2168
1.3896,-0.2146
1.3888,-0.2125
1.388,-0.2103
1.3872,-0.2081
1.3864,-0.2059
1.3856,-0.2037
1.3848,-0.2014
1.384,-0.1992
1.3831,-0.197
1.3823,-0.1947
1.3815,-0.1925
1.3806,-0.1902
1.3798,-0.1879
1.379,-0.1856
1.3781,-0.1833
1.3773,-0.181
1.3764,-0.1787
1.3755,-0.1764
1.3747,-0.1741
1.3738,-0.1717
1.3729,-0.1694
1.3721,-0.167
1.3712,-0.1646
1.3703,-0.1623
1.3694,-0.1599
1.3685,-0.1575
1.3676,-0.1551
1.3667,-0.1526
1.3658,-0.1502
1.3648,-0.1478
1.3639,-0.1453
1.363,-0.1429
1.3621,-0.1404
1.3611,-0.1379
1.3602,-0.1354
1.3592,-0.1329
1.3583,-0.1304
1.3573,-0.1279
1.3564,-0.1253
1.3554,-0.1228
1.3544,-0.1202
1.3534,-0.1177
1.3525,-0.1151
1.3515,-0.1125
1.3505,-0.1099
1.3495,-0.1073
1.3485,-0.1047
1.3475,-0.102
1.3465,-0.0994
1.3455,-0.0967
1.3445,-0.094
1.3434,-0.0914
1.3424,-0.0887
1.3414,-0.086
1.3403,-0.0833
1.3393,-0.0805
1.3382,-0.0778
1.3372,-0.075
1.3361,-0.0723
1.3351,-0.0695
1.334,-0.0667
1.3329,-0.0639
1.3319,-0.0611
1.3308,-0.0583
1.3297,-0.0554
1.3286,-0.0526
1.3275,-0.0497
1.3264,-0.0469
1.3253,-0.044
1.3242,-0.0411
1.3231,-0.0382
1.322,-0.0352
1.3208,-0.0323
1.3197,-0.0293
1.3186,-0.0264
1.3174,-0.0234
1.3163,-0.0204
1.3151,-0.0174
1.314,-0.0144
1.3128,-0.0114
1.3117,-0.0083
1.3105,-0.0052
1.3093,-0.0022
1.3081,0.0009
1.307,0.004
1.3058,0.0071
1.3046,0.0102
1.3034,0.0134
1.3022,0.0165
1.301,0.0197
1.2998,0.0229
1.2986,0.0261
1.2974,0.0293
1.2961,0.0325
1.2949,0.0358
1.2937,0.039
1.2924,0.0423
1.2912,0.0455
1.2899,0.0488
1.2887,0.0522
1.2874,0.0555
1.2862,0.0588
1.2849,0.0622
1.2837,0.0655
1.2824,0.0689
1.2811,0.0723
1.2798,0.0757
1.2785,0.0792
1.2772,0.0826
1.276,0.0861
1.2747,0.0895
1.2734,0.093
1.272,0.0965
1.2707,0.1
1.2694,0.1036
1.2681,0.1071
1.2668,0.1107
1.2655,0.1142
1.2641,0.1178
1.2628,0.1214
1.2614,0.1251
1.2601,0.1287
1.2588,0.1324
1.2574,0.136
1.256,0.1397
1.2547,0.1434
1.2533,0.1471
1.252,0.1509
1.2506,0.1546
1.2492,0.1584
1.2478,0.1622
1.2465,0.1659
1.2451,0.1698
1.2437,0.1736
1.2423,0.1774
1.2409,0.1813
1.2395,0.1851
1.2381,0.189
1.2367,0.1929
1.2353,0.1969
1.2339,0.2008
1.2325,0.2047
1.231,0.2087
1.2296,0.2127
1.2282,0.2167
1.2268,0.2207
1.2253,0.2247
1.2239,0.2288
1.2225,0.2328
1.221,0.2369
1.2196,0.241
1.2181,0.2451
1.2167,0.2492
1.2152,0.2534
1.2138,0.2575
1.2123,0.2617
1.2109,0.2659
1.2094,0.2701
1.208,0.2743
1.2065,0.2785
1.205,0.2827
1.2035,0.287
1.2021,0.2913
1.2006,0.2956
1.1991,0.2999
1.1976,0.3042
1.1962,0.3085
1.1947,0.3129
1.1932,0.3173
1.1917,0.3216
1.1902,0.326
1.1887,0.3304
1.1873,0.3349
1.1858,0.3393
1.1843,0.3438
1.1828,0.3482
1.1813,0.3527
1.1798,0.3572
1.1783,0.3617
1.1768,0.3663
1.1753,0.3708
1.1738,0.3754
1.1723,0.3799
1.1708,0.3845
1.1693,0.3891
1.1678,0.3937
1.1663,0.3983
1.1648,0.403
1.1633,0.4076
1.1618,0.4123
1.1602,0.417
1.1587,0.4217
1.1572,0.4264
1.1557,0.4311
1.1542,0.4358
1.1527,0.4406
1.1512,0.4453
1.1497,0.4501
1.1482,0.4549
1.1467,0.4597
1.1452,0.4645
1.1437,0.4693
1.1422,0.4741
1.1407,0.479
1.1392,0.4838
1.1377,0.4887
1.1362,0.4936
1.1347,0.4984
1.1332,0.5033
1.1317,0.5082
1.1302,0.5132
1.1287,0.5181
1.1272,0.523
1.1257,0.528
1.1242,0.5329
1.1227,0.5379
1.1212,0.5429
1.1197,0.5479
1.1182,0.5529
1.1168,0.5579
1.1153,0.5629
1.1138,0.5679
1.1123,0.573
1.1108,0.578
1.1094,0.5831
1.1079,0.5881
1.1064,0.5932
1.105,0.5983
1.1035,0.6034
1.102,0.6085
1.1006,0.6136
1.0991,0.6187
1.0977,0.6238
1.0962,0.6289
1.0948,0.634
1.0933,0.6392
1.0919,0.6443
1.0905,0.6494
1.089,0.6546
1.0876,0.6598
1.0862,0.6649
1.0847,0.6701
1.0833,0.6753
1.0819,0.6804
1.0805,0.6856
1.0791,0.6908
1.0777,0.696
1.0763,0.7012
1.0749,0.7064
1.0735,0.7116
1.0721,0.7168
1.0707,0.7221
1.0693,0.7273
1.0679,0.7325
1.0665,0.7377
1.0652,0.7429
1.0638,0.7482
1.0624,0.7534
1.0611,0.7586
1.0597,0.7639
1.0584,0.7691
1.057,0.7744
1.0557,0.7796
1.0543,0.7849
1.053,0.7901
1.0517,0.7954
1.0504,0.8006
1.049,0.8059
1.0477,0.8111
1.0464,0.8164
1.0451,0.8216
1.0438,0.8269
1.0425,0.8321
1.0412,0.8374
1.0399,0.8426
1.0386,0.8479
1.0374,0.8531
1.0361,0.8584
1.0348,0.8636
1.0335,0.8689
1.0323,0.8741
1.031,0.8794
1.0298,0.8846
1.0285,0.8899
1.0273,0.8951
1.0261,0.9004
1.0248,0.9056
1.0236,0.9109
1.0224,0.9161
1.0212,0.9213
1.02,0.9266
1.0188,0.9318
1.0176,0.9371
1.0164,0.9423
1.0152,0.9475
1.014,0.9527
1.0128,0.958
1.0116,0.9632
1.0105,0.9684
1.0093,0.9736
1.0081,0.9788
1.007,0.984
1.0058,0.9892
1.0047,0.9944
1.0035,0.9996
1.0024,1.0048
1.0013,1.01
1.0001,1.0152
0.999,1.0204
0.9979,1.0256
0.9968,1.0308
0.9957,1.036
0.9946,1.0411
0.9935,1.0463
0.9924,1.0515
0.9913,1.0566
0.9902,1.0618
0.9891,1.0669
0.988,1.0721
0.987,1.0772
0.9859,1.0824
0.9848,1.0875
0.9838,1.0927
0.9827,1.0978
0.9817,1.1029
0.9806,1.108
0.9796,1.1132
0.9785,1.1183
0.9775,1.1234
0.9765,1.1285
0.9755,1.1336
0.9744,1.1387
0.9734,1.1438
0.9724,1.1489
0.9714,1.154
0.9704,1.1591
0.9694,1.1641
0.9684,1.1692
0.9674,1.1743
0.9664,1.1794
0.9655,1.1844
0.9645,1.1895
0.9635,1.1945
0.9625,1.1996
0.9616,1.2046
0.9606,1.2097
0.9596,1.2147
0.9587,1.2198
0.9577,1.2248
0.9568,1.2298
0.9558,1.2349
0.9549,1.2399
0.954,1.2449
0.953,1.2499
0.9521,1.2549
0.9512,1.2599
0.9503,1.2649
0.9493,1.2699
0.9484,1.2749
0.9475,1.2799
0.9466,1.2849
0.9457,1.2899
0.9448,1.2949
0.9439,1.2999
0.943,1.3048
0.9421,1.3098
0.9412,1.3148
0.9403,1.3197
0.9395,1.3247
0.9386,1.3297
0.9377,1.3346
0.9368,1.3396
0.936,1.3445
0.9351,1.3495
0.9342,1.3544
0.9334,1.3593
0.9325,1.3643
0.9317,1.3692
0.9308,1.3741
0.93,1.3791
0.9291,1.384
0.9283,1.3889
0.9274,1.3938
0.9266,1.3987
0.9258,1.4037
0.9249,1.4086
0.9241,1.4135
0.9233,1.4184
0.9224,1.4233
0.9216,1.4282
0.9208,1.4331
0.92,1.438
0.9192,1.4429
0.9184,1.4478
0.9176,1.4527
0.9167,1.4575
0.9159,1.4624
0.9151,1.4673
0.9143,1.4722
0.9135,1.4771
0.9127,1.4819
0.912,1.4868
0.9112,1.4917
0.9104,1.4966
0.9096,1.5014
0.9088,1.5063
0.908,1.5112
0.9072,1.516
0.9065,1.5209
0.9057,1.5257
0.9049,1.5306
0.9042,1.5354
0.9034,1.5403
0.9026,1.5451
0.9019,1.55
0.9011,1.5548
0.9003,1.5597
0.8996,1.5645
0.8988,1.5694
0.8981,1.5742
0.8973,1.579
0.8966,1.5839
0.8958,1.5887
0.8951,1.5936
0.8943,1.5984
0.8936,1.6032
0.8928,1.608
0.8921,1.6129
0.8914,1.6177
0.8906,1.6225
0.8899,1.6274
0.8892,1.6322
0.8884,1.637
0.8877,1.6418
0.887,1.6466
0.8863,1.6515
0.8855,1.6563
0.8848,1.6611
0.8841,1.6659
0.8834,1.6707
0.8827,1.6755
0.8819,1.6804
0.8812,1.6852
0.8805,1.69
0.8798,1.6948
0.8791,1.6996
0.8784,1.7044
0.8777,1.7092
0.877,1.714
0.8763,1.7188
0.8756,1.7236
0.8749,1.7284
0.8742,1.7332
0.8735,1.738
0.8728,1.7428
0.8721,1.7476
0.8714,1.7524
0.8707,1.7572
0.87,1.762
0.8694,1.7668
0.8687,1.7716
0.868,1.7764
0.8673,1.7812
0.8666,1.786
0.8659,1.7908
0.8653,1.7956
0.8646,1.8004
0.8639,1.8052
0.8632,1.8099
0.8626,1.8147
0.8619,1.8195
0.8612,1.8243
0.8606,1.8291
0.8599,1.8339
0.8592,1.8387
0.8586,1.8434
0.8579,1.8482
0.8573,1.853
0.8566,1.8578
0.8559,1.8626
0.8553,1.8674
0.8546,1.8721
0.854,1.8769
0.8533,1.8817
0.8527,1.8865
0.852,1.8913
0.8514,1.896
0.8507,1.9008
0.8501,1.9056
0.8494,1.9104
0.8488,1.9152
0.8481,1.9199
0.8475,1.9247
0.8469,1.9295
0.8462,1.9343
0.8456,1.939
0.845,1.9438
0.8443,1.9486
0.8437,1.9533
0.8431,1.9581
0.8424,1.9629
0.8418,1.9677
0.8412,1.9724
0.8405,1.9772
0.8399,1.982
0.8393,1.9867
0.8387,1.9915
0.838,1.9963
0.8374,2.001
0.8368,2.0058
0.8362,2.0106
0.8356,2.0153
0.8349,2.0201
0.8343,2.0249
0.8337,2.0296
0.8331,2.0344
0.8325,2.0392
0.8319,2.0439
0.8313,2.0487
0.8307,2.0534
0.8301,2.0582
0.8295,2.063
0.8288,2.0677
0.8282,2.0725
0.8276,2.0772
0.827,2.082
0.8264,2.0868
0.8258,2.0915
0.8252,2.0963
0.8247,2.101
0.8241,2.1058
0.8235,2.1105
0.8229,2.1153
0.8223,2.1201
0.8217,2.1248
0.8211,2.1296
0.8205,2.1343
0.8199,2.1391
0.8193,2.1438
0.8188,2.1486
0.8182,2.1533
0.8176,2.1581
0.817,2.1628
0.8164,2.1676
0.8158,2.1723
0.8153,2.1771
0.8147,2.1818
0.8141,2.1866
0.8135,2.1913
0.813,2.1961
0.8124,2.2008
0.8118,2.2055
0.8113,2.2103
0.8107,2.215
0.8101,2.2198
0.8095,2.2245
0.809,2.2293
0.8084,2.234
0.8079,2.2387
0.8073,2.2435
0.8067,2.2482
0.8062,2.253
0.8056,2.2577
0.8051,2.2624
0.8045,2.2672
0.8039,2.2719
0.8034,2.2767
0.8028,2.2814
0.8023,2.2861
0.8017,2.2909
0.8012,2.2956
0.8006,2.3003
0.8001,2.3051
0.7995,2.3098
0.799,2.3145
0.7984,2.3193
0.7979,2.324
0.7974,2.3287
0.7968,2.3334
0.7963,2.3382
0.7957,2.3429
0.7952,2.3476
0.7947,2.3524
0.7941,2.3571
0.7936,2.3618
0.793,2.3665
0.7925,2.3713
0.792,2.376
0.7915,2.3807
0.7909,2.3854
0.7904,2.3901
0.7899,2.3949
0.7893,2.3996
0.7888,2.4043
0.7883,2.409
0.7878,2.4137
0.7872,2.4185
0.7867,2.4232
0.7862,2.4279
0.7857,2.4326
0.7852,2.4373
0.7846,2.442
0.7841,2.4468
0.7836,2.4515
0.7831,2.4562
0.7826,2.4609
0.7821,2.4656
0.7816,2.4703
0.7811,2.475
0.7805,2.4797
0.78,2.4844
0.7795,2.4891
0.779,2.4939
0.7785,2.4986
0.778,2.5033
0.7775,2.508
0.777,2.5127
0.7765,2.5174
0.776,2.5221
0.7755,2.5268
0.775,2.5315
0.7745,2.5362
0.774,2.5409
0.7735,2.5456
0.773,2.5503
0.7726,2.555
0.7721,2.5597
0.7716,2.5644
0.7711,2.5691
0.7706,2.5738
0.7701,2.5784
0.7696,2.5831
0.7691,2.5878
0.7687,2.5925
0.7682,2.5972
0.7677,2.6019
0.7672,2.6066
0.7667,2.6113
0.7663,2.616
0.7658,2.6207
0.7653,2.6253
0.7648,2.63
0.7644,2.6347
0.7639,2.6394
0.7634,2.6441
0.7629,2.6488
0.7625,2.6534
0.762,2.6581
0.7615,2.6628
0.7611,2.6675
0.7606,2.6722
0.7601,2.6768
0.7597,2.6815
0.7592,2.6862
0.7588,2.6909
0.7583,2.6955
0.7578,2.7002
0.7574,2.7049
0.7569,2.7096
0.7565,2.7142
0.756,2.7189
0.7556,2.7236
0.7551,2.7282
0.7547,2.7329
0.7542,2.7376
0.7538,2.7422
0.7533,2.7469
0.7529,2.7516
0.7524,2.7562
0.752,2.7609
0.7515,2.7656
0.7511,2.7702
0.7506,2.7749
0.7502,2.7796
0.7498,2.7842
0.7493,2.7889
0.7489,2.7935
0.7485,2.7982
0.748,2.8029
0.7476,2.8075
0.7472,2.8122
0.7467,2.8168
0.7463,2.8215
0.7459,2.8261
0.7454,2.8308
0.745,2.8354
0.7446,2.8401
0.7442,2.8447
0.7437,2.8494
0.7433,2.854
0.7429,2.8587
0.7425,2.8633
0.742,2.868
0.7416,2.8726
0.7412,2.8773
0.7408,2.8819
0.7404,2.8866
0.74,2.8912
0.7396,2.8959
0.7391,2.9005
0.7387,2.9051
0.7383,2.9098
0.7379,2.9144
0.7375,2.9191
0.7371,2.9237
0.7367,2.9283
0.7363,2.933
0.7359,2.9376
0.7355,2.9422
0.7351,2.9469
0.7347,2.9515
0.7343,2.9562
0.7339,2.9608
0.7335,2.9654
0.7331,2.9701
0.7327,2.9747
0.7323,2.9793
0.7319,2.984
0.7315,2.9886
0.7311,2.9932
0.7307,2.9978
0.7304,3.0025
0.73,3.0071
0.7296,3.0117
0.7292,3.0163
0.7288,3.021
0.7284,3.0256
0.7281,3.0302
0.7277,3.0349
0.7273,3.0395
0.7269,3.0441
0.7265,3.0487
0.7262,3.0533
0.7258,3.058
0.7254,3.0626
0.7251,3.0672
0.7247,3.0718
0.7243,3.0764
0.7239,3.0811
0.7236,3.0857
0.7232,3.0903
0.7229,3.0949
0.7225,3.0995
0.7221,3.1042
0.7218,3.1088
0.7214,3.1134
0.721,3.118
0.7207,3.1226
0.7203,3.1272
0.72,3.1318
0.7196,3.1365
0.7193,3.1411
0.7189,3.1457
0.7186,3.1503
0.7182,3.1549
0.7179,3.1595
0.7175,3.1641
0.7172,3.1687
0.7168,3.1734
0.7165,3.178
0.7161,3.1826
0.7158,3.1872
0.7155,3.1918
0.7151,3.1964
0.7148,3.201
0.7144,3.2056
0.7141,3.2102
0.7138,3.2148
0.7134,3.2195
0.7131,3.2241
0.7128,3.2287
0.7124,3.2333
0.7121,3.2379
0.7118,3.2425
0.7115,3.2471
0.7111,3.2517
0.7108,3.2563
0.7105,3.2609
0.7102,3.2655
0.7098,3.2701
0.7095,3.2747
0.7092,3.2793
0.7089,3.2839
0.7086,3.2886
0.7083,3.2932
0.7079,3.2978
0.7076,3.3024
0.7073,3.307
0.707,3.3116
0.7067,3.3162
0.7064,3.3208
0.7061,3.3254
0.7058,3.33
0.7055,3.3346
0.7052,3.3392
0.7049,3.3438
0.7046,3.3484
0.7043,3.353
0.704,3.3576
0.7037,3.3623
0.7034,3.3669
0.7031,3.3715
0.7028,3.3761
0.7025,3.3807
0.7022,3.3853
0.7019,3.3899
0.7016,3.3945
0.7013,3.3991
0.701,3.4037
0.7007,3.4083
0.7004,3.4129
0.7002,3.4176
0.6999,3.4222
0.6996,3.4268
0.6993,3.4314
0.699,3.436
0.6987,3.4406
0.6985,3.4452
0.6982,3.4498
0.6979,3.4545
0.6976,3.4591
0.6974,3.4637
0.6971,3.4683
0.6968,3.4729
0.6965,3.4775
0.6963,3.4822
0.696,3.4868
0.6957,3.4914
0.6954,3.496
0.6952,3.5006
0.6949,3.5053
0.6946,3.5099
0.6944,3.5145
0.6941,3.5191
0.6938,3.5238
0.6936,3.5284
0.6933,3.533
0.693,3.5376
0.6928,3.5423
0.6925,3.5469
0.6923,3.5515
0.692,3.5562
0.6917,3.5608
0.6915,3.5654
0.6912,3.5701
0.691,3.5747
0.6907,3.5793
0.6905,3.584
0.6902,3.5886
0.6899,3.5933
0.6897,3.5979
0.6894,3.6026
0.6892,3.6072
0.6889,3.6118
0.6887,3.6165
0.6884,3.6211
0.6882,3.6258
0.6879,3.6305
0.6877,3.6351
0.6874,3.6398
0.6872,3.6444
0.6869,3.6491
0.6867,3.6537
0.6864,3.6584
0.6862,3.6631
0.6859,3.6677
0.6857,3.6724
0.6854,3.6771
0.6852,3.6818
0.6849,3.6864
0.6847,3.6911
0.6844,3.6958
0.6842,3.7005
0.6839,3.7051
0.6837,3.7098
0.6835,3.7145
0.6832,3.7192
0.683,3.7239
0.6827,3.7286
0.6825,3.7333
0.6822,3.738
0.682,3.7427
0.6817,3.7474
0.6815,3.7521
0.6812,3.7568
0.681,3.7615
0.6807,3.7662
0.6804,3.771
0.6802,3.7757
0.6799,3.7804
0.6797,3.7851
0.6794,3.7899
0.6792,3.7946
0.6789,3.7993
0.6787,3.8041
0.6784,3.8088
0.6781,3.8136
0.6779,3.8183
0.6776,3.8231
0.6773,3.8278
0.6771,3.8326
0.6768,3.8373
0.6765,3.8421
0.6763,3.8469
0.676,3.8516
0.6757,3.8564
0.6755,3.8612
0.6752,3.866
0.6749,3.8708
0.6746,3.8756
0.6743,3.8804
0.6741,3.8852
0.6738,3.89
0.6735,3.8948
0.6732,3.8996
0.6729,3.9044
0.6726,3.9092
0.6723,3.914
0.672,3.9189
0.6717,3.9237
0.6714,3.9285
0.6711,3.9334
0.6708,3.9382
0.6705,3.9431
0.6701,3.9479
0.6698,3.9528
0.6695,3.9577
0.6692,3.9625
0.6688,3.9674
0.6685,3.9723
0.6682,3.9772
0.6678,3.9821
0.6675,3.987
0.6671,3.9919
0.6668,3.9968
0.6664,4.0017
0.666,4.0067
0.6657,4.0116
0.6653,4.0165
0.6649,4.0215
0.6645,4.0264
0.6641,4.0314
0.6637,4.0363
0.6633,4.0413
0.6629,4.0462
0.6625,4.0512
0.6621,4.0562
0.6617,4.0612
0.6613,4.0662
0.6608,4.0712
0.6604,4.0762
0.66,4.0812
0.6595,4.0863
0.659,4.0913
0.6586,4.0963
0.6581,4.1014
0.6576,4.1064
0.6572,4.1115
0.6567,4.1166
0.6562,4.1217
0.6557,4.1267
0.6551,4.1318
0.6546,4.1369
0.6541,4.142
0.6536,4.1472
0.653,4.1523
0.6525,4.1574
0.6519,4.1626
0.6513,4.1677
0.6507,4.1729
0.6502,4.1781
0.6496,4.1832
0.649,4.1884
0.6484,4.1936
0.6477,4.1988
0.6471,4.204
0.6465,4.2092
0.6458,4.2145
0.6452,4.2197
0.6445,4.225
0.6438,4.2302
0.6431,4.2355
0.6424,4.2408
0.6417,4.2461
0.641,4.2514
0.6403,4.2567
0.6395,4.262
0.6388,4.2673
0.6381,4.2726
0.6373,4.278
0.6365,4.2833
0.6357,4.2887
0.6349,4.2941
0.6341,4.2995
0.6333,4.3049
0.6325,4.3103
0.6317,4.3157
0.6308,4.3211
0.63,4.3266
0.6291,4.332
0.6282,4.3375
0.6273,4.3429
0.6265,4.3484
0.6256,4.3539
0.6247,4.3594
0.6237,4.3649
0.6228,4.3704
0.6219,4.376
0.6209,4.3815
0.62,4.387
0.619,4.3926
0.6181,4.3982
0.6171,4.4037
0.6161,4.4093
0.6151,4.4149
0.6141,4.4205
0.6131,4.4262
0.6121,4.4318
0.6111,4.4374
0.6101,4.4431
0.6091,4.4487
0.608,4.4544
0.607,4.46
0.606,4.4657
0.605,4.4714
0.6039,4.4771
0.6029,4.4828
0.6018,4.4885
0.6008,4.4942
0.5997,4.4999
0.5987,4.5057
0.5977,4.5114
0.5966,4.5171
0.5956,4.5229
0.5946,4.5286
0.5935,4.5344
0.5925,4.5402
0.5915,4.5459
0.5905,4.5517
0.5894,4.5575
0.5884,4.5633
0.5874,4.569
0.5864,4.5748
0.5855,4.5806
0.5845,4.5864
0.5835,4.5922
0.5826,4.598
0.5817,4.6038
0.5807,4.6095
0.5798,4.6153
0.5789,4.6211
0.5781,4.6269
0.5772,4.6327
0.5764,4.6385
0.5755,4.6442
0.5747,4.65
0.574,4.6558
0.5732,4.6615
0.5725,4.6673
0.5718,4.673
0.5711,4.6787
0.5704,4.6845
0.5698,4.6902
0.5692,4.6959
0.5686,4.7016
0.5681,4.7073
0.5676,4.7129
0.5671,4.7186
0.5667,4.7242
0.5663,4.7299
0.566,4.7355
0.5657,4.741
0.5654,4.7466
0.5652,4.7522
0.565,4.7577
0.5649,4.7632
0.5649,4.7687
0.5649,4.7741
0.5649,4.7795
0.5651,4.7849
0.5653,4.7903
0.5655,4.7956
0.5659,4.8009
0.5663,4.8062
0.5668,4.8114
0.5674,4.8166
0.5681,4.8217
0.5689,4.8268
0.5697,4.8319
0.5707,4.8369
0.5718,4.8419
0.5729,4.8468
0.5742,4.8517
0.5755,4.8566
0.5768,4.8615
0.5782,4.8665
0.5796,4.8714
0.5809,4.8764
0.5822,4.8815
0.5833,4.8866
0.5843,4.8919
0.5852,4.8972
0.5859,4.9028
0.5864,4.9084
0.5867,4.9142
0.5869,4.9201
0.5869,4.9262
0.5868,4.9324
0.5866,4.9387
0.5862,4.9452
0.5857,4.9518
0.5852,4.9585
0.5845,4.9653
0.5838,4.9722
0.583,4.9792
0.5822,4.9863
0.5813,4.9935
0.5804,5.0008
0.5794,5.0081
0.5784,5.0155
0.5774,5.023
0.5764,5.0306
0.5754,5.0383
0.5743,5.046
0.5732,5.0537
0.5722,5.0616
0.5711,5.0694
0.57,5.0774
0.569,5.0854
0.5679,5.0935
0.5669,5.1016
0.5658,5.1097
0.5648,5.118
0.5637,5.1263
0.5627,5.1346
0.5617,5.143
0.5607,5.1514
0.5597,5.1599
0.5587,5.1684
0.5578,5.177
0.5568,5.1857
0.5559,5.1944
0.555,5.2031
0.5541,5.2119
0.5532,5.2207
0.5523,5.2296
0.5514,5.2385
0.5506,5.2475
0.5497,5.2565
0.5489,5.2656
0.5481,5.2747
0.5473,5.2839
0.5466,5.2931
0.5458,5.3023
0.5451,5.3116
0.5443,5.321
0.5436,5.3303
0.5429,5.3398
0.5422,5.3492
0.5416,5.3587
0.5409,5.3683
0.5403,5.3779
0.5396,5.3875
0.539,5.3972
0.5384,5.4069
0.5379,5.4166
0.5373,5.4264
0.5367,5.4362
0.5362,5.4461
0.5357,5.456
0.5351,5.4659
0.5347,5.4759
0.5342,5.4859
0.5337,5.496
0.5332,5.5061
0.5328,5.5162
0.5324,5.5264
0.5319,5.5365
0.5315,5.5468
0.5312,5.557
0.5308,5.5673
0.5304,5.5777
0.5301,5.588
0.5297,5.5984
0.5294,5.6089
0.5291,5.6193
0.5288,5.6298
0.5285,5.6404
0.5282,5.6509
0.528,5.6615
0.5277,5.6721
0.5275,5.6828
0.5273,5.6935
0.5271,5.7042
0.5269,5.7149
0.5267,5.7257
0.5265,5.7365
0.5264,5.7473
0.5262,5.7582
0.5261,5.7691
0.526,5.78
0.5258,5.7909
0.5257,5.8019
0.5256,5.8129
0.5256,5.8239
0.5255,5.835
0.5254,5.846
0.5254,5.8571
0.5254,5.8683
0.5253,5.8794
0.5253,5.8906
0.5253,5.9018
0.5253,5.913
0.5253,5.9243
0.5254,5.9355
0.5254,5.9468
0.5254,5.9581
0.5255,5.9695
0.5256,5.9808
0.5256,5.9922
0.5257,6.0036
0.5258,6.015
0.5259,6.0265
0.526,6.0379
0.5262,6.0494
0.5263,6.0609
0.5264,6.0724
0.5266,6.084
0.5267,6.0955
0.5269,6.1071
0.5271,6.1187
0.5273,6.1303
0.5275,6.142
0.5277,6.1536
0.5279,6.1653
0.5281,6.177
0.5283,6.1887
0.5285,6.2004
0.5288,6.2122
0.529,6.2239
0.5293,6.2357
0.5295,6.2475
0.5298,6.2593
0.5301,6.2711
0.5304,6.2829
0.5307,6.2947
0.531,6.3066
0.5313,6.3185
0.5316,6.3304
0.5319,6.3423
0.5322,6.3542
0.5325,6.3661
0.5329,6.378
0.5332,6.39
0.5336,6.402
0.5339,6.4139
0.5343,6.4259
0.5347,6.4379
0.535,6.4499
0.5354,6.4619
0.5358,6.474
0.5362,6.486
0.5366,6.4981
0.537,6.5101
0.5374,6.5222
0.5378,6.5343
0.5382,6.5464
0.5386,6.5585
0.5391,6.5706
0.5395,6.5827
0.5399,6.5948
0.5404,6.607
0.5408,6.6191
0.5413,6.6313
0.5417,6.6434
0.5422,6.6556
0.5426,6.6678
0.5431,6.6799
0.5436,6.6921
0.544,6.7043
0.5445,6.7165
0.545,6.7287
0.5455,6.741
0.546,6.7532
0.5465,6.7654
0.547,6.7776
0.5475,6.7899
0.548,6.8021
0.5485,6.8144
0.549,6.8266
0.5495,6.8389
0.55,6.8512
0.5506,6.8634
0.5511,6.8757
0.5516,6.888
0.5521,6.9003
0.5527,6.9125
0.5532,6.9248
0.5538,6.9371
0.5543,6.9494
0.5549,6.9617
0.5554,6.974
0.556,6.9863
0.5565,6.9987
0.5571,7.011
0.5576,7.0233
0.5582,7.0356
0.5588,7.0479
0.5593,7.0603
0.5599,7.0726
0.5605,7.0849
0.561,7.0973
0.5616,7.1096
0.5622,7.1219
0.5628,7.1343
0.5634,7.1466
0.5639,7.1589
0.5645,7.1713
0.5651,7.1836
0.5657,7.196
0.5663,7.2083
0.5669,7.2207
0.5675,7.233
0.5681,7.2454
0.5687,7.2577
0.5693,7.2701
0.5699,7.2824
0.5705,7.2948
0.5711,7.3071
0.5717,7.3195
0.5723,7.3318
0.5729,7.3442
0.5735,7.3565
0.5742,7.3689
0.5748,7.3812
0.5754,7.3936
0.576,7.4059
0.5766,7.4183
0.5772,7.4306
0.5779,7.443
0.5785,7.4553
0.5791,7.4677
0.5797,7.48
0.5804,7.4924
0.581,7.5047
0.5816,7.5171
0.5822,7.5294
0.5829,7.5418
0.5835,7.5541
0.5841,7.5665
0.5848,7.5788
0.5854,7.5911
0.586,7.6035
0.5867,7.6158
0.5873,7.6281
0.5879,7.6405
0.5886,7.6528
0.5892,7.6651
0.5898,7.6775
0.5905,7.6898
0.5911,7.7021
0.5918,7.7144
0.5924,7.7267
0.593,7.7391
0.5937,7.7514
0.5943,7.7637
0.595,7.776
0.5956,7.7883
0.5962,7.8006
0.5969,7.8129
0.5975,7.8252
0.5982,7.8375
0.5988,7.8498
0.5995,7.8621
0.6001,7.8744
0.6008,7.8867
0.6014,7.899
0.602,7.9112
0.6027,7.9235
0.6033,7.9358
0.604,7.9481
0.6046,7.9604
0.6053,7.9726
0.6059,7.9849
0.6066,7.9971
0.6072,8.0094
0.6079,8.0217
0.6085,8.0339
0.6092,8.0462
0.6098,8.0584
0.6105,8.0707
0.6111,8.0829
0.6118,8.0951
0.6124,8.1074
0.6131,8.1196
0.6137,8.1318
0.6143,8.1441
0.615,8.1563
0.6156,8.1685
0.6163,8.1807
0.6169,8.1929
0.6176,8.2051
0.6182,8.2174
0.6189,8.2296
0.6195,8.2418
0.6202,8.2539
0.6208,8.2661
0.6215,8.2783
0.6221,8.2905
0.6228,8.3027
0.6234,8.3149
0.6241,8.327
0.6247,8.3392
0.6254,8.3514
0.626,8.3635
0.6266,8.3757
0.6273,8.3879
0.6279,8.4
0.6286,8.4122
0.6292,8.4243
0.6299,8.4365
0.6305,8.4486
0.6312,8.4607
0.6318,8.4729
0.6324,8.485
0.6331,8.4971
0.6337,8.5092
0.6344,8.5213
0.635,8.5334
0.6357,8.5455
0.6363,8.5577
0.6369,8.5698
0.6376,8.5818
0.6382,8.5939
0.6389,8.606
0.6395,8.6181
0.6401,8.6302
0.6408,8.6423
0.6414,8.6543
0.642,8.6664
0.6427,8.6785
0.6433,8.6905
0.644,8.7026
0.6446,8.7146
0.6452,8.7267
0.6459,8.7387
0.6465,8.7508
0.6471,8.7628
0.6478,8.7748
0.6484,8.7869
0.649,8.7989
0.6497,8.8109
0.6503,8.8229
0.6509,8.8349
0.6516,8.8469
0.6522,8.8589
0.6528,8.8709
0.6534,8.8829
0.6541,8.8949
0.6547,8.9069
0.6553,8.9189
0.656,8.9309
0.6566,8.9429
0.6572,8.9548
0.6578,8.9668
0.6585,8.9788
0.6591,8.9907
0.6597,9.0027
0.6603,9.0146
0.661,9.0266
0.6616,9.0385
0.6622,9.0504
0.6628,9.0624
0.6634,9.0743
0.6641,9.0862
0.6647,9.0982
0.6653,9.1101
0.6659,9.122
0.6665,9.1339
0.6672,9.1458
0.6678,9.1577
0.6684,9.1696
0.669,9.1815
0.6696,9.1934
0.6702,9.2053
0.6709,9.2172
0.6715,9.229
0.6721,9.2409
0.6727,9.2528
0.6733,9.2646
0.6739,9.2765
0.6745,9.2884
0.6751,9.3002
0.6757,9.3121
0.6764,9.3239
0.677,9.3357
0.6776,9.3476
0.6782,9.3594
0.6788,9.3712
0.6794,9.3831
0.68,9.3949
0.6806,9.4067
0.6812,9.4185
0.6818,9.4303
0.6824,9.4421
0.683,9.4539
0.6836,9.4657
0.6842,9.4775
0.6848,9.4893
0.6854,9.5011
0.686,9.5129
0.6866,9.5246
0.6872,9.5364
0.6878,9.5482
0.6884,9.5599
0.689,9.5717
0.6896,9.5835
0.6902,9.5952
0.6908,9.6069
0.6914,9.6187
0.692,9.6304
0.6925,9.6422
0.6931,9.6539
0.6937,9.6656
0.6943,9.6773
0.6949,9.6891
0.6955,9.7008
0.6961,9.7125
0.6967,9.7242
0.6973,9.7359
0.6978,9.7476
0.6984,9.7593
0.699,9.771
0.6996,9.7827
0.7002,9.7944
0.7008,9.806
0.7013,9.8177
0.7019,9.8294
0.7025,9.841
0.7031,9.8527
0.7037,9.8644
0.7042,9.876
0.7048,9.8877
0.7054,9.8993
0.706,9.911
0.7065,9.9226
0.7071,9.9342
0.7077,9.9459
0.7083,9.9575
0.7088,9.9691
0.7094,9.9807
0.71,9.9924
0.7106,10.004
0.7111,10.0156
0.7117,10.0272
0.7123,10.0388
0.7128,10.0504
0.7134,10.062
0.714,10.0736
0.7145,10.0852
0.7151,10.0967
0.7157,10.1083
0.7162,10.1199
0.7168,10.1315
0.7174,10.143
0.7179,10.1546
0.7185,10.1661
0.719,10.1777
0.7196,10.1893
0.7202,10.2008
0.7207,10.2123
0.7213,10.2239
0.7218,10.2354
0.7224,10.2469
0.723,10.2585
0.7235,10.27
0.7241,10.2815
0.7246,10.293
0.7252,10.3046
0.7257,10.3161
0.7263,10.3276
0.7268,10.3391
0.7274,10.3506
0.7279,10.3621
0.7285,10.3736
