-0.0063,-0.0395
0.4301,-0.7293
0.5409,-0.8719
0.6589,-1.0265
0.7778,-1.1881
0.8885,-1.3479
0.9813,-1.4955
1.0497,-1.6219
1.093,-1.7235
1.1151,-1.8016
1.1218,-1.8604
1.1186,-1.9046
1.1094,-1.9381
1.0969,-1.9639
1.0829,-1.984
1.0684,-1.9998
1.054,-2.0123
1.04,-2.0222
1.0266,-2.03
1.0141,-2.0362
1.0023,-2.041
0.9913,-2.0447
0.9811,-2.0475
0.9717,-2.0496
0.9629,-2.0509
0.9549,-2.0518
0.9475,-2.0522
0.9408,-2.0522
0.9345,-2.0519
0.9288,-2.0513
0.9236,-2.0505
0.9188,-2.0495
0.9145,-2.0483
0.9105,-2.047
0.9069,-2.0455
0.9036,-2.0439
0.9006,-2.0422
0.8979,-2.0405
0.8954,-2.0386
0.8932,-2.0367
0.8912,-2.0348
0.8894,-2.0328
0.8878,-2.0307
0.8863,-2.0286
0.885,-2.0265
0.8839,-2.0243
0.8829,-2.0221
0.882,-2.0199
0.8812,-2.0176
0.8805,-2.0153
0.8799,-2.013
0.8794,-2.0106
0.879,-2.0083
0.8786,-2.0059
0.8783,-2.0034
0.8781,-2.001
0.8779,-1.9985
0.8778,-1.996
0.8777,-1.9935
0.8777,-1.9909
0.8777,-1.9884
0.8777,-1.9858
0.8777,-1.9831
0.8778,-1.9805
0.8779,-1.9778
0.878,-1.975
0.8782,-1.9723
0.8783,-1.9695
0.8785,-1.9667
0.8786,-1.9639
0.8788,-1.961
0.879,-1.9581
0.8791,-1.9552
0.8793,-1.9522
0.8795,-1.9492
0.8796,-1.9462
0.8798,-1.9431
0.8799,-1.94
0.8801,-1.9369
0.8802,-1.9337
0.8803,-1.9305
0.8804,-1.9273
0.8805,-1.924
0.8806,-1.9207
0.8807,-1.9174
0.8807,-1.914
0.8807,-1.9107
0.8807,-1.9072
0.8807,-1.9038
0.8807,-1.9003
0.8806,-1.8968
0.8805,-1.8932
0.8804,-1.8897
0.8802,-1.8861
0.88,-1.8825
0.8798,-1.8788
0.8796,-1.8752
0.8793,-1.8715
0.879,-1.8678
0.8786,-1.864
0.8782,-1.8603
0.8778,-1.8565
0.8773,-1.8528
0.8768,-1.849
0.8763,-1.8452
0.8757,-1.8414
0.8751,-1.8375
0.8745,-1.8337
0.8738,-1.8299
0.873,-1.8261
0.8722,-1.8222
0.8714,-1.8184
0.8705,-1.8146
0.8696,-1.8108
0.8686,-1.807
0.8676,-1.8032
0.8666,-1.7994
0.8654,-1.7956
0.8643,-1.7919
0.8631,-1.7882
0.8618,-1.7845
0.8606,-1.7808
0.8592,-1.7771
0.8578,-1.7735
0.8564,-1.7699
0.8549,-1.7663
0.8534,-1.7628
0.8518,-1.7593
0.8501,-1.7559
0.8485,-1.7524
0.8467,-1.7491
0.845,-1.7457
0.8431,-1.7424
0.8413,-1.7392
0.8394,-1.736
0.8374,-1.7328
0.8354,-1.7297
0.8333,-1.7267
0.8312,-1.7236
0.8291,-1.7207
0.8269,-1.7178
0.8247,-1.7149
0.8224,-1.7121
0.82,-1.7094
0.8177,-1.7067
0.8153,-1.704
0.8128,-1.7015
0.8103,-1.6989
0.8077,-1.6964
0.8052,-1.694
0.8025,-1.6916
0.7998,-1.6893
0.7971,-1.687
0.7944,-1.6848
0.7916,-1.6826
0.7887,-1.6805
0.7858,-1.6784
0.7829,-1.6763
0.7799,-1.6744
0.7769,-1.6724
0.7738,-1.6705
0.7707,-1.6686
0.7676,-1.6668
0.7644,-1.665
0.7612,-1.6633
0.7579,-1.6616
0.7546,-1.6599
0.7512,-1.6582
0.7478,-1.6566
0.7444,-1.655
0.7409,-1.6535
0.7373,-1.6519
0.7337,-1.6504
0.7301,-1.6489
0.7264,-1.6474
0.7226,-1.646
0.7188,-1.6445
0.7149,-1.6431
0.711,-1.6417
0.707,-1.6402
0.7029,-1.6388
0.6988,-1.6374
0.6946,-1.636
0.6902,-1.6346
0.6859,-1.6332
0.6814,-1.6317
0.6768,-1.6303
0.6721,-1.6288
0.6673,-1.6274
0.6624,-1.6259
0.6573,-1.6244
0.6521,-1.6228
0.6467,-1.6213
0.6412,-1.6197
0.6355,-1.6181
0.6295,-1.6164
0.6234,-1.6148
0.6169,-1.613
0.6103,-1.6113
0.6033,-1.6095
0.5959,-1.6077
0.5882,-1.6058
0.5801,-1.604
0.5715,-1.6021
0.5624,-1.6002
0.5528,-1.5982
0.5425,-1.5963
0.5315,-1.5945
0.5198,-1.5927
0.5071,-1.5909
0.4936,-1.5894
0.479,-1.5879
0.4633,-1.5868
0.4463,-1.5859
0.4281,-1.5854
0.4084,-1.5854
0.3874,-1.586
0.3649,-1.5872
0.3409,-1.5891
0.3155,-1.5918
0.2889,-1.5954
0.2609,-1.5997
0.2319,-1.6048
0.2021,-1.6107
0.1714,-1.6172
0.1403,-1.6242
0.1088,-1.6316
0.0772,-1.6393
0.0457,-1.6472
0.0144,-1.6551
-0.0166,-1.6631
-0.047,-1.671
-0.0767,-1.6787
-0.1057,-1.6863
-0.1337,-1.6936
-0.1607,-1.7008
-0.1867,-1.7078
-0.2115,-1.7145
-0.2352,-1.721
-0.2577,-1.7273
-0.279,-1.7335
-0.2991,-1.7394
-0.318,-1.7451
-0.3357,-1.7506
-0.3524,-1.756
-0.368,-1.7612
-0.3825,-1.7662
-0.3961,-1.771
-0.4087,-1.7757
-0.4205,-1.7803
-0.4315,-1.7846
-0.4417,-1.7889
-0.4512,-1.7929
-0.46,-1.7968
-0.4683,-1.8006
-0.476,-1.8043
-0.4831,-1.8077
-0.4898,-1.8111
-0.4961,-1.8143
-0.5019,-1.8174
-0.5074,-1.8204
-0.5125,-1.8232
-0.5173,-1.8259
-0.5218,-1.8285
-0.526,-1.831
-0.53,-1.8334
-0.5338,-1.8357
-0.5373,-1.8378
-0.5407,-1.8399
-0.5438,-1.8419
-0.5468,-1.8439
-0.5497,-1.8457
-0.5524,-1.8585
-0.5536,-1.8628
-0.554,-1.8616
-0.554,-1.8572
-0.5538,-1.8506
-0.5536,-1.8429
-0.5534,-1.8344
-0.5533,-1.8254
-0.5533,-1.8161
-0.5534,-1.8066
-0.5537,-1.797
-0.5539,-1.7873
-0.5543,-1.7776
-0.5548,-1.7677
-0.5553,-1.7579
-0.5558,-1.748
-0.5564,-1.738
-0.557,-1.7281
-0.5576,-1.7181
-0.5583,-1.7081
-0.559,-1.6981
-0.5596,-1.6881
-0.5603,-1.678
-0.561,-1.668
-0.5617,-1.6579
-0.5624,-1.6478
-0.5631,-1.6377
-0.5638,-1.6276
-0.5644,-1.6175
-0.5651,-1.6074
-0.5658,-1.5973
-0.5664,-1.5872
-0.567,-1.5771
-0.5677,-1.5671
-0.5683,-1.557
-0.5689,-1.5469
-0.5695,-1.5368
-0.5701,-1.5268
-0.5707,-1.5167
-0.5713,-1.5067
-0.5718,-1.4967
-0.5724,-1.4866
-0.573,-1.4766
-0.5735,-1.4666
-0.574,-1.4567
-0.5746,-1.4467
-0.5751,-1.4368
-0.5756,-1.4268
-0.5761,-1.4169
-0.5766,-1.407
-0.5771,-1.3971
-0.5776,-1.3873
-0.5781,-1.3774
-0.5786,-1.3676
-0.579,-1.3578
-0.5795,-1.348
-0.58,-1.3382
-0.5804,-1.3284
-0.5809,-1.3187
-0.5813,-1.309
-0.5817,-1.2993
-0.5822,-1.2896
-0.5826,-1.2799
-0.583,-1.2702
-0.5834,-1.2606
-0.5839,-1.251
-0.5843,-1.2414
-0.5847,-1.2318
-0.5851,-1.2223
-0.5855,-1.2127
-0.5859,-1.2032
-0.5863,-1.1937
-0.5867,-1.1842
-0.587,-1.1748
-0.5874,-1.1653
-0.5878,-1.1559
-0.5882,-1.1465
-0.5885,-1.1371
-0.5889,-1.1277
-0.5893,-1.1184
-0.5896,-1.109
-0.59,-1.0997
-0.5903,-1.0904
-0.5907,-1.0812
-0.5911,-1.0719
-0.5914,-1.0626
-0.5917,-1.0534
-0.5921,-1.0442
-0.5924,-1.035
-0.5928,-1.0258
-0.5931,-1.0167
-0.5934,-1.0075
-0.5938,-0.9984
-0.5941,-0.9893
-0.5944,-0.9802
-0.5948,-0.9711
-0.5951,-0.9621
-0.5954,-0.953
-0.5957,-0.944
-0.596,-0.935
-0.5964,-0.926
-0.5967,-0.917
-0.597,-0.9081
-0.5973,-0.8991
-0.5976,-0.8902
-0.5979,-0.8813
-0.5982,-0.8724
-0.5985,-0.8635
-0.5989,-0.8547
-0.5992,-0.8458
-0.5995,-0.837
-0.5998,-0.8282
-0.6001,-0.8193
-0.6004,-0.8106
-0.6007,-0.8018
-0.601,-0.793
-0.6013,-0.7843
-0.6016,-0.7755
-0.6019,-0.7668
-0.6022,-0.7581
-0.6025,-0.7494
-0.6028,-0.7407
-0.6031,-0.7321
-0.6034,-0.7234
-0.6037,-0.7148
-0.604,-0.7062
-0.6043,-0.6975
-0.6046,-0.6889
-0.6049,-0.6804
-0.6052,-0.6718
-0.6055,-0.6632
-0.6058,-0.6547
-0.6062,-0.6461
-0.6065,-0.6376
-0.6068,-0.6291
-0.6071,-0.6206
-0.6074,-0.6121
-0.6077,-0.6036
-0.608,-0.5952
-0.6083,-0.5867
-0.6087,-0.5783
-0.609,-0.5698
-0.6093,-0.5614
-0.6096,-0.553
-0.61,-0.5446
-0.6103,-0.5362
-0.6106,-0.5278
-0.6109,-0.5195
-0.6113,-0.5111
-0.6116,-0.5027
-0.612,-0.4944
-0.6123,-0.4861
-0.6126,-0.4778
-0.613,-0.4694
-0.6133,-0.4611
-0.6137,-0.4529
-0.6141,-0.4446
-0.6144,-0.4363
-0.6148,-0.428
-0.6151,-0.4198
-0.6155,-0.4115
-0.6159,-0.4033
-0.6163,-0.3951
-0.6166,-0.3868
-0.617,-0.3786
-0.6174,-0.3704
-0.6178,-0.3622
-0.6182,-0.354
-0.6186,-0.3458
-0.619,-0.3377
-0.6194,-0.3295
-0.6198,-0.3213
-0.6202,-0.3132
-0.6206,-0.305
-0.6211,-0.2969
-0.6215,-0.2888
-0.6219,-0.2806
-0.6224,-0.2725
-0.6228,-0.2644
-0.6233,-0.2563
-0.6237,-0.2482
-0.6242,-0.2401
-0.6246,-0.232
-0.6251,-0.2239
-0.6256,-0.2158
-0.6261,-0.2078
-0.6265,-0.1997
-0.627,-0.1916
-0.6275,-0.1836
-0.628,-0.1755
-0.6286,-0.1675
-0.6291,-0.1594
-0.6296,-0.1514
-0.6301,-0.1434
-0.6306,-0.1353
-0.6312,-0.1273
-0.6317,-0.1193
-0.6323,-0.1113
-0.6328,-0.1033
-0.6334,-0.0953
-0.634,-0.0873
-0.6346,-0.0793
-0.6351,-0.0713
-0.6357,-0.0633
-0.6363,-0.0553
-0.6369,-0.0474
-0.6376,-0.0394
-0.6382,-0.0314
-0.6388,-0.0235
-0.6394,-0.0155
-0.6401,-0.0075
-0.6407,0.0004
-0.6414,0.0084
-0.6421,0.0163
-0.6427,0.0243
-0.6434,0.0322
-0.6441,0.0401
-0.6448,0.0481
-0.6455,0.056
-0.6462,0.0639
-0.6469,0.0718
-0.6477,0.0798
-0.6484,0.0877
-0.6491,0.0956
-0.6499,0.1035
-0.6507,0.1114
-0.6514,0.1193
-0.6522,0.1272
-0.653,0.1351
-0.6538,0.143
-0.6546,0.1509
-0.6554,0.1587
-0.6562,0.1666
-0.657,0.1745
-0.6579,0.1824
-0.6587,0.1902
-0.6596,0.1981
-0.6604,0.206
-0.6613,0.2138
-0.6622,0.2217
-0.663,0.2295
-0.6639,0.2374
-0.6648,0.2452
-0.6658,0.2531
-0.6667,0.2609
-0.6676,0.2687
-0.6685,0.2766
-0.6695,0.2844
-0.6704,0.2922
-0.6714,0.3001
-0.6724,0.3079
-0.6734,0.3157
-0.6744,0.3235
-0.6754,0.3313
-0.6764,0.3391
-0.6774,0.3469
-0.6784,0.3547
-0.6794,0.3625
-0.6805,0.3703
-0.6815,0.378
-0.6826,0.3858
-0.6837,0.3936
-0.6847,0.4014
-0.6858,0.4091
-0.6869,0.4169
-0.688,0.4246
-0.6891,0.4324
-0.6902,0.4401
-0.6914,0.4479
-0.6925,0.4556
-0.6937,0.4633
-0.6948,0.4711
-0.696,0.4788
-0.6971,0.4865
-0.6983,0.4942
-0.6995,0.5019
-0.7007,0.5096
-0.7019,0.5173
-0.7031,0.525
-0.7043,0.5327
-0.7056,0.5404
-0.7068,0.5481
-0.7081,0.5557
-0.7093,0.5634
-0.7106,0.5711
-0.7118,0.5787
-0.7131,0.5864
-0.7144,0.594
-0.7157,0.6016
-0.717,0.6093
-0.7183,0.6169
-0.7196,0.6245
-0.721,0.6321
-0.7223,0.6397
-0.7236,0.6473
-0.725,0.6549
-0.7263,0.6625
-0.7277,0.6701
-0.7291,0.6777
-0.7304,0.6852
-0.7318,0.6928
-0.7332,0.7004
-0.7346,0.7079
-0.736,0.7154
-0.7374,0.723
-0.7389,0.7305
-0.7403,0.738
-0.7417,0.7455
-0.7432,0.753
-0.7446,0.7605
-0.7461,0.768
-0.7475,0.7755
-0.749,0.783
-0.7505,0.7905
-0.7519,0.7979
-0.7534,0.8054
-0.7549,0.8128
-0.7564,0.8203
-0.7579,0.8277
-0.7594,0.8351
-0.761,0.8425
-0.7625,0.8499
-0.764,0.8573
-0.7656,0.8647
-0.7671,0.8721
-0.7686,0.8795
-0.7702,0.8869
-0.7718,0.8942
-0.7733,0.9016
-0.7749,0.9089
-0.7765,0.9162
-0.7781,0.9236
-0.7796,0.9309
-0.7812,0.9382
-0.7828,0.9455
-0.7844,0.9528
-0.786,0.9601
-0.7877,0.9673
-0.7893,0.9746
-0.7909,0.9818
-0.7925,0.9891
-0.7942,0.9963
-0.7958,1.0036
-0.7974,1.0108
-0.7991,1.018
-0.8007,1.0252
-0.8024,1.0324
-0.804,1.0395
-0.8057,1.0467
-0.8074,1.0539
-0.809,1.061
-0.8107,1.0682
-0.8124,1.0753
-0.8141,1.0824
-0.8158,1.0895
-0.8175,1.0967
-0.8192,1.1037
-0.8209,1.1108
-0.8226,1.1179
-0.8243,1.125
-0.826,1.132
-0.8277,1.1391
-0.8294,1.1461
-0.8311,1.1531
-0.8329,1.1601
-0.8346,1.1671
-0.8363,1.1741
-0.8381,1.1811
-0.8398,1.1881
-0.8415,1.1951
-0.8433,1.202
-0.845,1.209
-0.8468,1.2159
-0.8485,1.2228
-0.8503,1.2297
-0.852,1.2366
-0.8538,1.2435
-0.8556,1.2504
-0.8573,1.2573
-0.8591,1.2641
-0.8609,1.271
-0.8626,1.2778
-0.8644,1.2846
-0.8662,1.2915
-0.868,1.2983
-0.8697,1.3051
-0.8715,1.3118
-0.8733,1.3186
-0.8751,1.3254
-0.8769,1.3321
-0.8787,1.3389
-0.8805,1.3456
-0.8822,1.3523
-0.884,1.359
-0.8858,1.3657
-0.8876,1.3724
-0.8894,1.3791
-0.8912,1.3857
-0.893,1.3924
-0.8948,1.399
-0.8966,1.4057
-0.8984,1.4123
-0.9003,1.4189
-0.9021,1.4255
-0.9039,1.4321
-0.9057,1.4386
-0.9075,1.4452
-0.9093,1.4518
-0.9111,1.4583
-0.9129,1.4648
-0.9147,1.4713
-0.9166,1.4778
-0.9184,1.4843
-0.9202,1.4908
-0.922,1.4973
-0.9238,1.5037
-0.9256,1.5102
-0.9275,1.5166
-0.9293,1.523
-0.9311,1.5295
-0.9329,1.5359
-0.9347,1.5423
-0.9366,1.5486
-0.9384,1.555
-0.9402,1.5614
-0.942,1.5677
-0.9438,1.574
-0.9457,1.5803
-0.9475,1.5867
-0.9493,1.5929
-0.9511,1.5992
-0.953,1.6055
-0.9548,1.6118
-0.9566,1.618
-0.9584,1.6243
-0.9602,1.6305
-0.9621,1.6367
-0.9639,1.6429
-0.9657,1.6491
-0.9675,1.6553
-0.9693,1.6614
-0.9712,1.6676
-0.973,1.6737
-0.9748,1.6799
-0.9766,1.686
-0.9784,1.6921
-0.9803,1.6982
-0.9821,1.7043
-0.9839,1.7103
-0.9857,1.7164
-0.9875,1.7224
-0.9893,1.7285
-0.9911,1.7345
-0.993,1.7405
-0.9948,1.7465
-0.9966,1.7525
-0.9984,1.7585
-1.0002,1.7645
-1.002,1.7704
-1.0038,1.7763
-1.0056,1.7823
-1.0074,1.7882
-1.0092,1.7941
-1.011,1.8
-1.0128,1.8059
-1.0147,1.8117
-1.0165,1.8176
-1.0183,1.8234
-1.0201,1.8293
-1.0219,1.8351
-1.0236,1.8409
-1.0254,1.8467
-1.0272,1.8525
-1.029,1.8583
-1.0308,1.864
-1.0326,1.8698
-1.0344,1.8755
-1.0362,1.8812
-1.038,1.887
-1.0398,1.8927
-1.0416,1.8984
-1.0433,1.904
-1.0451,1.9097
-1.0469,1.9154
-1.0487,1.921
-1.0505,1.9266
-1.0523,1.9322
-1.054,1.9378
-1.0558,1.9434
-1.0576,1.949
-1.0594,1.9546
-1.0611,1.9602
-1.0629,1.9657
-1.0647,1.9712
-1.0664,1.9768
-1.0682,1.9823
-1.07,1.9878
-1.0717,1.9933
-1.0735,1.9987
-1.0752,2.0042
-1.077,2.0097
-1.0788,2.0151
-1.0805,2.0205
-1.0823,2.0259
-1.084,2.0314
-1.0858,2.0367
-1.0875,2.0421
-1.0893,2.0475
-1.091,2.0529
-1.0928,2.0582
-1.0945,2.0635
-1.0963,2.0689
-1.098,2.0742
-1.0998,2.0795
-1.1015,2.0848
-1.1032,2.09
-1.105,2.0953
-1.1067,2.1006
-1.1084,2.1058
-1.1102,2.111
-1.1119,2.1163
-1.1136,2.1215
-1.1154,2.1267
-1.1171,2.1318
-1.1188,2.137
-1.1205,2.1422
-1.1223,2.1473
-1.124,2.1525
-1.1257,2.1576
-1.1274,2.1627
-1.1291,2.1678
-1.1309,2.1729
-1.1326,2.178
-1.1343,2.1831
-1.136,2.1881
-1.1377,2.1932
-1.1394,2.1982
-1.1411,2.2032
-1.1428,2.2082
-1.1445,2.2132
-1.1462,2.2182
-1.148,2.2232
-1.1497,2.2282
-1.1514,2.2331
-1.1531,2.2381
-1.1548,2.243
-1.1565,2.2479
-1.1581,2.2529
-1.1598,2.2578
-1.1615,2.2626
-1.1632,2.2675
-1.1649,2.2724
-1.1666,2.2773
-1.1683,2.2821
-1.17,2.2869
-1.1717,2.2918
-1.1734,2.2966
-1.1751,2.3014
-1.1767,2.3062
-1.1784,2.311
-1.1801,2.3157
-1.1818,2.3205
-1.1835,2.3253
-1.1851,2.33
-1.1868,2.3347
-1.1885,2.3395
-1.1902,2.3442
-1.1919,2.3489
-1.1935,2.3536
-1.1952,2.3582
-1.1969,2.3629
-1.1985,2.3676
-1.2002,2.3722
-1.2019,2.3769
-1.2036,2.3815
-1.2052,2.3861
-1.2069,2.3907
-1.2086,2.3953
-1.2102,2.3999
-1.2119,2.4045
-1.2136,2.4091
-1.2152,2.4136
-1.2169,2.4182
-1.2186,2.4227
-1.2202,2.4272
-1.2219,2.4318
-1.2235,2.4363
-1.2252,2.4408
-1.2269,2.4453
-1.2285,2.4498
-1.2302,2.4543
-1.2318,2.4587
-1.2335,2.4632
-1.2352,2.4676
-1.2368,2.4721
-1.2385,2.4765
-1.2401,2.4809
-1.2418,2.4854
-1.2434,2.4898
-1.2451,2.4942
-1.2467,2.4986
-1.2484,2.503
-1.25,2.5073
-1.2517,2.5117
-1.2533,2.5161
-1.255,2.5204
-1.2566,2.5248
-1.2583,2.5291
-1.2599,2.5334
-1.2616,2.5378
-1.2632,2.5421
-1.2649,2.5464
-1.2665,2.5507
-1.2682,2.555
-1.2698,2.5593
-1.2714,2.5636
-1.2731,2.5678
-1.2747,2.5721
-1.2764,2.5764
-1.278,2.5806
-1.2796,2.5849
-1.2813,2.5891
-1.2829,2.5934
-1.2845,2.5976
-1.2862,2.6018
-1.2878,2.6061
-1.2894,2.6103
-1.291,2.6145
-1.2927,2.6187
-1.2943,2.6229
-1.2959,2.6271
-1.2975,2.6313
-1.2992,2.6355
-1.3008,2.6397
-1.3024,2.6439
-1.304,2.6481
-1.3056,2.6523
-1.3072,2.6564
-1.3088,2.6606
-1.3104,2.6648
-1.312,2.6689
-1.3136,2.6731
-1.3152,2.6773
-1.3168,2.6814
-1.3184,2.6856
-1.32,2.6898
-1.3216,2.6939
-1.3232,2.6981
-1.3247,2.7023
-1.3263,2.7064
-1.3279,2.7106
-1.3294,2.7147
-1.331,2.7189
-1.3325,2.7231
-1.3341,2.7272
-1.3356,2.7314
-1.3372,2.7356
-1.3387,2.7397
-1.3402,2.7439
-1.3417,2.7481
-1.3432,2.7523
-1.3447,2.7565
-1.3462,2.7606
-1.3477,2.7648
-1.3492,2.769
-1.3507,2.7732
-1.3521,2.7774
-1.3536,2.7817
-1.355,2.7859
-1.3564,2.7901
-1.3578,2.7943
-1.3593,2.7986
-1.3607,2.8028
-1.362,2.8071
-1.3634,2.8114
-1.3648,2.8156
-1.3661,2.8199
-1.3674,2.8242
-1.3687,2.8285
-1.37,2.8328
-1.3713,2.8372
-1.3726,2.8415
-1.3738,2.8459
-1.375,2.8502
-1.3762,2.8546
-1.3774,2.859
-1.3786,2.8634
-1.3797,2.8679
-1.3808,2.8723
-1.3819,2.8768
-1.383,2.8812
-1.384,2.8857
-1.3851,2.8902
-1.386,2.8947
-1.387,2.8993
-1.3879,2.9038
-1.3888,2.9084
-1.3897,2.913
-1.3905,2.9176
-1.3913,2.9223
-1.3921,2.9269
-1.3928,2.9316
-1.3935,2.9363
-1.3941,2.941
-1.3947,2.9458
-1.3953,2.9505
-1.3958,2.9553
-1.3963,2.9601
-1.3967,2.9649
-1.3971,2.9698
-1.3975,2.9747
-1.3978,2.9796
-1.398,2.9845
-1.3982,2.9894
-1.3983,2.9944
-1.3984,2.9993
-1.3985,3.0043
-1.3984,3.0094
-1.3983,3.0144
-1.3982,3.0195
-1.398,3.0245
-1.3978,3.0297
-1.3974,3.0348
-1.3971,3.0399
-1.3966,3.0451
-1.3961,3.0503
-1.3956,3.0555
-1.395,3.0607
-1.3943,3.0659
-1.3935,3.0712
-1.3927,3.0764
-1.3919,3.0817
-1.3909,3.087
-1.3899,3.0923
-1.3889,3.0976
-1.3878,3.103
-1.3866,3.1083
-1.3853,3.1137
-1.384,3.1191
-1.3826,3.1245
-1.3812,3.1299
-1.3797,3.1353
-1.3782,3.1408
-1.3765,3.1462
-1.3749,3.1517
-1.3731,3.1571
-1.3714,3.1626
-1.3695,3.1681
-1.3676,3.1736
-1.3657,3.1791
-1.3637,3.1846
-1.3616,3.1902
-1.3595,3.1957
-1.3574,3.2012
-1.3552,3.2068
-1.3529,3.2124
-1.3506,3.2179
-1.3482,3.2235
-1.3459,3.2291
-1.3434,3.2347
-1.3409,3.2403
-1.3384,3.2459
-1.3359,3.2516
-1.3333,3.2572
-1.3306,3.2629
-1.3279,3.2685
-1.3252,3.2742
-1.3225,3.2798
-1.3197,3.2855
-1.3169,3.2912
-1.314,3.2969
-1.3112,3.3026
-1.3082,3.3083
-1.3053,3.314
-1.3023,3.3197
-1.2993,3.3254
-1.2963,3.3312
-1.2933,3.3369
-1.2902,3.3427
-1.2871,3.3484
-1.284,3.3542
-1.2808,3.36
-1.2777,3.3658
-1.2745,3.3715
-1.2713,3.3773
-1.2681,3.3831
-1.2648,3.389
-1.2616,3.3948
-1.2583,3.4006
-1.255,3.4064
-1.2517,3.4123
-1.2484,3.4181
-1.245,3.424
-1.2417,3.4298
-1.2383,3.4357
-1.235,3.4416
-1.2316,3.4474
-1.2282,3.4533
-1.2248,3.4592
-1.2214,3.4651
-1.218,3.471
-1.2145,3.477
-1.2111,3.4829
-1.2077,3.4888
-1.2042,3.4947
-1.2008,3.5007
-1.1973,3.5066
-1.1938,3.5126
-1.1904,3.5185
-1.1869,3.5245
-1.1834,3.5305
-1.18,3.5365
-1.1765,3.5424
-1.173,3.5484
-1.1695,3.5544
-1.166,3.5604
-1.1625,3.5664
-1.159,3.5724
-1.1556,3.5785
-1.1521,3.5845
-1.1486,3.5905
-1.1451,3.5966
-1.1416,3.6026
-1.1382,3.6086
-1.1347,3.6147
-1.1312,3.6207
-1.1277,3.6268
-1.1243,3.6329
-1.1208,3.6389
-1.1173,3.645
-1.1139,3.6511
-1.1104,3.6572
-1.107,3.6633
-1.1036,3.6694
-1.1001,3.6755
-1.0967,3.6816
-1.0933,3.6877
-1.0899,3.6938
-1.0864,3.6999
-1.083,3.706
-1.0796,3.7121
-1.0763,3.7182
-1.0729,3.7244
-1.0695,3.7305
-1.0661,3.7366
-1.0628,3.7428
-1.0594,3.7489
-1.0561,3.7551
-1.0528,3.7612
-1.0495,3.7674
-1.0462,3.7735
-1.0429,3.7797
-1.0396,3.7858
-1.0363,3.792
-1.033,3.7982
-1.0298,3.8043
-1.0265,3.8105
-1.0233,3.8167
-1.02,3.8228
-1.0168,3.829
-1.0136,3.8352
-1.0104,3.8414
-1.0072,3.8475
-1.0041,3.8537
-1.0009,3.8599
-0.9977,3.8661
-0.9946,3.8723
-0.9915,3.8785
-0.9884,3.8847
-0.9853,3.8908
-0.9822,3.897
-0.9791,3.9032
-0.976,3.9094
-0.973,3.9156
-0.9699,3.9218
-0.9669,3.928
-0.9639,3.9342
-0.9609,3.9404
-0.9579,3.9466
-0.9549,3.9528
-0.952,3.959
-0.949,3.9652
-0.9461,3.9713
-0.9432,3.9775
-0.9403,3.9837
-0.9374,3.9899
-0.9345,3.9961
-0.9316,4.0023
-0.9288,4.0085
-0.9259,4.0147
-0.9231,4.0209
-0.9203,4.0271
-0.9175,4.0333
-0.9147,4.0395
-0.9119,4.0456
-0.9092,4.0518
-0.9064,4.058
-0.9037,4.0642
-0.901,4.0704
-0.8983,4.0765
-0.8956,4.0827
-0.8929,4.0889
-0.8902,4.0951
-0.8876,4.1012
-0.885,4.1074
-0.8823,4.1136
-0.8797,4.1197
-0.8771,4.1259
-0.8746,4.1321
-0.872,4.1382
-0.8694,4.1444
-0.8669,4.1505
-0.8644,4.1567
-0.8619,4.1628
-0.8594,4.169
-0.8569,4.1751
-0.8544,4.1813
-0.852,4.1874
-0.8495,4.1935
-0.8471,4.1997
-0.8447,4.2058
-0.8423,4.2119
-0.8399,4.218
-0.8376,4.2242
-0.8352,4.2303
-0.8329,4.2364
-0.8305,4.2425
-0.8282,4.2486
-0.8259,4.2547
-0.8236,4.2608
-0.8214,4.2669
-0.8191,4.273
-0.8169,4.2791
-0.8146,4.2851
-0.8124,4.2912
-0.8102,4.2973
-0.808,4.3034
-0.8058,4.3094
-0.8037,4.3155
-0.8015,4.3215
-0.7994,4.3276
-0.7972,4.3336
-0.7951,4.3397
-0.793,4.3457
-0.7909,4.3517
-0.7889,4.3578
-0.7868,4.3638
-0.7848,4.3698
-0.7827,4.3758
-0.7807,4.3818
-0.7787,4.3878
-0.7767,4.3938
-0.7747,4.3998
-0.7727,4.4058
-0.7708,4.4118
-0.7688,4.4178
-0.7669,4.4237
-0.765,4.4297
-0.7631,4.4357
-0.7612,4.4416
-0.7593,4.4476
-0.7574,4.4535
-0.7556,4.4595
-0.7537,4.4654
-0.7519,4.4713
-0.7501,4.4772
-0.7483,4.4832
-0.7465,4.4891
-0.7447,4.495
-0.7429,4.5009
-0.7411,4.5068
-0.7394,4.5126
-0.7377,4.5185
-0.7359,4.5244
-0.7342,4.5303
-0.7325,4.5361
-0.7308,4.542
-0.7291,4.5478
-0.7275,4.5537
-0.7258,4.5595
-0.7242,4.5653
-0.7225,4.5712
-0.7209,4.577
-0.7193,4.5828
-0.7177,4.5886
-0.7161,4.5944
-0.7145,4.6002
-0.7129,4.6059
-0.7114,4.6117
-0.7098,4.6175
-0.7083,4.6233
-0.7068,4.629
-0.7053,4.6348
-0.7037,4.6405
-0.7023,4.6462
-0.7008,4.652
-0.6993,4.6577
-0.6978,4.6634
-0.6964,4.6691
-0.6949,4.6748
-0.6935,4.6805
-0.6921,4.6862
-0.6907,4.6918
-0.6893,4.6975
-0.6879,4.7032
-0.6865,4.7088
-0.6851,4.7145
-0.6837,4.7201
-0.6824,4.7258
-0.681,4.7314
-0.6797,4.737
-0.6784,4.7426
-0.6771,4.7482
-0.6758,4.7538
-0.6745,4.7594
-0.6732,4.765
-0.6719,4.7705
-0.6706,4.7761
-0.6694,4.7817
-0.6681,4.7872
-0.6669,4.7927
-0.6656,4.7983
-0.6644,4.8038
-0.6632,4.8093
-0.662,4.8148
-0.6608,4.8203
-0.6596,4.8258
-0.6584,4.8313
-0.6572,4.8368
-0.6561,4.8422
-0.6549,4.8477
-0.6538,4.8532
-0.6526,4.8586
-0.6515,4.864
-0.6504,4.8695
-0.6493,4.8749
-0.6482,4.8803
-0.6471,4.8857
-0.646,4.8911
-0.6449,4.8965
-0.6438,4.9019
-0.6428,4.9072
-0.6417,4.9126
-0.6407,4.9179
-0.6396,4.9233
-0.6386,4.9286
-0.6376,4.9339
-0.6365,4.9393
-0.6355,4.9446
-0.6345,4.9499
-0.6335,4.9552
-0.6325,4.9605
-0.6316,4.9657
-0.6306,4.971
-0.6296,4.9763
-0.6287,4.9815
-0.6277,4.9867
-0.6268,4.992
-0.6258,4.9972
-0.6249,5.0024
-0.624,5.0076
-0.6231,5.0128
-0.6221,5.018
-0.6212,5.0232
-0.6203,5.0284
-0.6195,5.0335
-0.6186,5.0387
-0.6177,5.0438
-0.6168,5.049
-0.616,5.0541
-0.6151,5.0592
-0.6143,5.0643
-0.6134,5.0694
-0.6126,5.0745
-0.6118,5.0796
-0.6109,5.0847
-0.6101,5.0898
-0.6093,5.0948
-0.6085,5.0999
-0.6077,5.1049
-0.6069,5.1099
-0.6061,5.115
-0.6054,5.12
-0.6046,5.125
-0.6038,5.13
-0.603,5.1349
-0.6023,5.1399
-0.6015,5.1449
-0.6008,5.1499
-0.6001,5.1548
-0.5993,5.1597
-0.5986,5.1647
-0.5979,5.1696
-0.5972,5.1745
-0.5965,5.1794
-0.5958,5.1843
-0.5951,5.1892
-0.5944,5.1941
-0.5937,5.1989
-0.593,5.2038
-0.5923,5.2087
-0.5916,5.2135
-0.591,5.2183
-0.5903,5.2232
-0.5897,5.228
-0.589,5.2328
-0.5884,5.2376
-0.5877,5.2424
-0.5871,5.2471
-0.5865,5.2519
-0.5858,5.2567
-0.5852,5.2614
-0.5846,5.2661
-0.584,5.2709
-0.5834,5.2756
-0.5828,5.2803
-0.5822,5.285
-0.5816,5.2897
-0.581,5.2944
-0.5804,5.2991
-0.5799,5.3037
-0.5793,5.3084
-0.5787,5.3131
-0.5782,5.3177
-0.5776,5.3223
-0.5771,5.3269
-0.5765,5.3316
-0.576,5.3362
-0.5754,5.3408
-0.5749,5.3453
-0.5744,5.3499
-0.5738,5.3545
-0.5733,5.359
-0.5728,5.3636
-0.5723,5.3681
-0.5718,5.3727
-0.5713,5.3772
-0.5708,5.3817
-0.5703,5.3862
-0.5698,5.3907
-0.5693,5.3952
-0.5688,5.3996
-0.5683,5.4041
-0.5679,5.4086
-0.5674,5.413
-0.5669,5.4175
-0.5665,5.4219
-0.566,5.4263
-0.5655,5.4307
-0.5651,5.4351
-0.5646,5.4395
-0.5642,5.4439
-0.5638,5.4483
-0.5633,5.4526
-0.5629,5.457
-0.5625,5.4613
-0.562,5.4657
-0.5616,5.47
-0.5612,5.4743
-0.5608,5.4786
-0.5604,5.4829
-0.56,5.4872
-0.5596,5.4915
-0.5592,5.4958
-0.5588,5.5001
-0.5584,5.5043
-0.558,5.5086
-0.5576,5.5128
-0.5572,5.517
-0.5568,5.5212
-0.5565,5.5255
-0.5561,5.5297
-0.5557,5.5339
-0.5554,5.538
-0.555,5.5422
-0.5546,5.5464
-0.5543,5.5505
-0.5539,5.5547
-0.5536,5.5588
-0.5532,5.563
-0.5529,5.5671
-0.5525,5.5712
-0.5522,5.5753
-0.5519,5.5794
-0.5515,5.5835
-0.5512,5.5875
-0.5509,5.5916
-0.5506,5.5957
-0.5503,5.5997
-0.5499,5.6038
-0.5496,5.6078
-0.5493,5.6118
-0.549,5.6158
-0.5487,5.6198
-0.5484,5.6238
-0.5481,5.6278
-0.5478,5.6318
-0.5475,5.6358
-0.5472,5.6397
-0.5469,5.6437
-0.5467,5.6476
-0.5464,5.6516
-0.5461,5.6555
-0.5458,5.6594
-0.5456,5.6633
-0.5453,5.6672
-0.545,5.6711
-0.5447,5.675
-0.5445,5.6789
-0.5442,5.6827
-0.544,5.6866
-0.5437,5.6904
-0.5435,5.6943
-0.5432,5.6981
-0.543,5.7019
-0.5427,5.7057
-0.5425,5.7095
-0.5422,5.7133
-0.542,5.7171
-0.5418,5.7209
-0.5415,5.7247
-0.5413,5.7284
-0.5411,5.7322
-0.5409,5.7359
-0.5406,5.7397
-0.5404,5.7434
-0.5402,5.7471
-0.54,5.7508
-0.5398,5.7545
-0.5395,5.7582
-0.5393,5.7619
-0.5391,5.7656
-0.5389,5.7692
-0.5387,5.7729
-0.5385,5.7766
-0.5383,5.7802
-0.5381,5.7838
-0.5379,5.7875
-0.5377,5.7911
-0.5376,5.7947
-0.5374,5.7983
-0.5372,5.8019
-0.537,5.8055
-0.5368,5.809
-0.5366,5.8126
-0.5365,5.8162
-0.5363,5.8197
-0.5361,5.8233
-0.5359,5.8268
-0.5358,5.8303
-0.5356,5.8338
-0.5354,5.8373
-0.5353,5.8408
-0.5351,5.8443
-0.535,5.8478
-0.5348,5.8513
-0.5346,5.8548
-0.5345,5.8582
-0.5343,5.8617
-0.5342,5.8651
-0.534,5.8686
-0.5339,5.872
-0.5338,5.8754
-0.5336,5.8788
-0.5335,5.8822
-0.5333,5.8856
-0.5332,5.889
-0.5331,5.8924
-0.5329,5.8958
-0.5328,5.8991
-0.5327,5.9025
-0.5325,5.9058
-0.5324,5.9092
-0.5323,5.9125
-0.5322,5.9158
-0.532,5.9191
-0.5319,5.9224
-0.5318,5.9257
-0.5317,5.929
-0.5316,5.9323
-0.5315,5.9356
-0.5313,5.9389
-0.5312,5.9421
-0.5311,5.9454
-0.531,5.9486
-0.5309,5.9518
-0.5308,5.9551
-0.5307,5.9583
-0.5306,5.9615
-0.5305,5.9647
-0.5304,5.9679
-0.5303,5.9711
-0.5302,5.9743
-0.5301,5.9775
-0.53,5.9806
-0.5299,5.9838
-0.5298,5.9869
-0.5298,5.9901
-0.5297,5.9932
-0.5296,5.9964
-0.5295,5.9995
-0.5294,6.0026
-0.5293,6.0057
-0.5293,6.0088
-0.5292,6.0119
-0.5291,6.015
-0.529,6.018
-0.5289,6.0211
-0.5289,6.0242
-0.5288,6.0272
-0.5287,6.0303
-0.5287,6.0333
-0.5286,6.0364
-0.5285,6.0394
-0.5285,6.0424
-0.5284,6.0454
-0.5283,6.0484
-0.5283,6.0514
-0.5282,6.0544
-0.5282,6.0574
-0.5281,6.0603
-0.528,6.0633
-0.528,6.0663
-0.5279,6.0692
-0.5279,6.0722
-0.5278,6.0751
-0.5278,6.078
-0.5277,6.081
-0.5277,6.0839
-0.5276,6.0868
-0.5276,6.0897
-0.5275,6.0926
-0.5275,6.0955
-0.5275,6.0983
-0.5274,6.1012
-0.5274,6.1041
-0.5273,6.1069
-0.5273,6.1098
-0.5273,6.1126
-0.5272,6.1155
-0.5272,6.1183
-0.5272,6.1211
-0.5271,6.1239
-0.5271,6.1267
-0.5271,6.1295
-0.527,6.1323
-0.527,6.1351
-0.527,6.1379
-0.5269,6.1407
-0.5269,6.1435
-0.5269,6.1462
-0.5269,6.149
-0.5268,6.1517
-0.5268,6.1545
-0.5268,6.1572
-0.5268,6.1599
-0.5268,6.1626
-0.5267,6.1653
-0.5267,6.1681
-0.5267,6.1708
-0.5267,6.1734
-0.5267,6.1761
-0.5267,6.1788
-0.5267,6.1815
-0.5266,6.1842
-0.5266,6.1868
-0.5266,6.1895
-0.5266,6.1921
-0.5266,6.1947
-0.5266,6.1974
-0.5266,6.2
-0.5266,6.2026
-0.5266,6.2052
-0.5266,6.2078
-0.5266,6.2104
-0.5266,6.213
-0.5266,6.2156
-0.5266,6.2182
-0.5266,6.2208
-0.5266,6.2234
-0.5266,6.2259
-0.5266,6.2285
-0.5266,6.231
-0.5266,6.2336
-0.5266,6.2361
-0.5266,6.2386
-0.5266,6.2411
-0.5266,6.2437
-0.5266,6.2462
-0.5266,6.2487
-0.5266,6.2512
-0.5266,6.2537
-0.5267,6.2561
-0.5267,6.2586
-0.5267,6.2611
-0.5267,6.2636
-0.5267,6.266
-0.5267,6.2685
-0.5267,6.2709
-0.5268,6.2734
-0.5268,6.2758
-0.5268,6.2782
-0.5268,6.2807
-0.5268,6.2831
-0.5268,6.2855
-0.5269,6.2879
-0.5269,6.2903
-0.5269,6.2927
-0.5269,6.2951
-0.5269,6.2974
-0.527,6.2998
-0.527,6.3022
-0.527,6.3045
-0.527,6.3069
-0.5271,6.3093
-0.5271,6.3116
-0.5271,6.3139
-0.5271,6.3163
-0.5272,6.3186
-0.5272,6.3209
-0.5272,6.3232
-0.5273,6.3255
-0.5273,6.3278
-0.5273,6.3301
-0.5274,6.3324
-0.5274,6.3347
-0.5274,6.337
-0.5275,6.3393
-0.5275,6.3415
-0.5275,6.3438
-0.5276,6.346
-0.5276,6.3483
-0.5276,6.3505
-0.5277,6.3528
-0.5277,6.355
-0.5277,6.3572
-0.5278,6.3595
-0.5278,6.3617
-0.5279,6.3639
-0.5279,6.3661
-0.5279,6.3683
-0.528,6.3705
-0.528,6.3727
-0.5281,6.3749
-0.5281,6.377
-0.5281,6.3792
-0.5282,6.3814
-0.5282,6.3835
-0.5283,6.3857
-0.5283,6.3878
-0.5284,6.39
-0.5284,6.3921
-0.5285,6.3942
-0.5285,6.3964
-0.5285,6.3985
-0.5286,6.4006
-0.5286,6.4027
-0.5287,6.4048
-0.5287,6.4069
-0.5288,6.409
-0.5288,6.4111
-0.5289,6.4132
-0.5289,6.4153
-0.529,6.4173
-0.529,6.4194
-0.5291,6.4215
-0.5291,6.4235
-0.5292,6.4256
-0.5292,6.4276
-0.5293,6.4297
-0.5293,6.4317
-0.5294,6.4337
-0.5295,6.4358
-0.5295,6.4378
-0.5296,6.4398
-0.5296,6.4418
-0.5297,6.4438
-0.5297,6.4458
-0.5298,6.4478
-0.5298,6.4498
-0.5299,6.4518
-0.53,6.4538
-0.53,6.4557
-0.5301,6.4577
-0.5301,6.4597
-0.5302,6.4616
-0.5303,6.4636
-0.5303,6.4655
-0.5304,6.4675
-0.5304,6.4694
-0.5305,6.4713
-0.5306,6.4733
-0.5306,6.4752
-0.5307,6.4771
-0.5307,6.479
-0.5308,6.4809
-0.5309,6.4828
-0.5309,6.4847
-0.531,6.4866
-0.5311,6.4885
-0.5311,6.4904
-0.5312,6.4923
-0.5312,6.4942
-0.5313,6.496
-0.5314,6.4979
-0.5314,6.4998
-0.5315,6.5016
-0.5316,6.5035
-0.5316,6.5053
-0.5317,6.5071
-0.5318,6.509
-0.5318,6.5108
-0.5319,6.5126
-0.532,6.5145
-0.532,6.5163
-0.5321,6.5181
-0.5322,6.5199
-0.5322,6.5217
-0.5323,6.5235
-0.5324,6.5253
-0.5325,6.5271
-0.5325,6.5289
-0.5326,6.5306
-0.5327,6.5324
-0.5327,6.5342
-0.5328,6.5359
-0.5329,6.5377
-0.5329,6.5395
-0.533,6.5412
-0.5331,6.543
-0.5332,6.5447
-0.5332,6.5464
-0.5333,6.5482
-0.5334,6.5499
-0.5335,6.5516
-0.5335,6.5533
-0.5336,6.5551
-0.5337,6.5568
-0.5337,6.5585
-0.5338,6.5602
-0.5339,6.5619
-0.534,6.5636
-0.534,6.5653
-0.5341,6.5669
-0.5342,6.5686
-0.5343,6.5703
-0.5343,6.572
-0.5344,6.5736
-0.5345,6.5753
-0.5346,6.577
-0.5346,6.5786
-0.5347,6.5803
-0.5348,6.5819
-0.5349,6.5835
-0.5349,6.5852
-0.535,6.5868
-0.5351,6.5884
-0.5352,6.5901
-0.5353,6.5917
-0.5353,6.5933
-0.5354,6.5949
-0.5355,6.5965
-0.5356,6.5981
-0.5356,6.5997
-0.5357,6.6013
-0.5358,6.6029
-0.5359,6.6045
-0.536,6.6061
-0.536,6.6077
-0.5361,6.6092
-0.5362,6.6108
-0.5363,6.6124
-0.5364,6.6139
-0.5364,6.6155
-0.5365,6.617
-0.5366,6.6186
-0.5367,6.6201
-0.5368,6.6217
-0.5368,6.6232
-0.5369,6.6247
-0.537,6.6263
-0.5371,6.6278
-0.5372,6.6293
-0.5372,6.6308
-0.5373,6.6323
-0.5374,6.6339
-0.5375,6.6354
-0.5376,6.6369
-0.5376,6.6384
-0.5377,6.6398
-0.5378,6.6413
-0.5379,6.6428
-0.538,6.6443
-0.5381,6.6458
-0.5381,6.6473
-0.5382,6.6487
-0.5383,6.6502
-0.5384,6.6517
-0.5385,6.6531
-0.5385,6.6546
-0.5386,6.656
-0.5387,6.6575
-0.5388,6.6589
-0.5389,6.6603
-0.539,6.6618
-0.539,6.6632
-0.5391,6.6646
-0.5392,6.6661
-0.5393,6.6675
-0.5394,6.6689
-0.5395,6.6703
-0.5395,6.6717
-0.5396,6.6731
-0.5397,6.6745
-0.5398,6.6759
-0.5399,6.6773
-0.54,6.6787
-0.5401,6.6801
-0.5401,6.6815
-0.5402,6.6829
-0.5403,6.6842
-0.5404,6.6856
-0.5405,6.687
-0.5406,6.6883
-0.5406,6.6897
-0.5407,6.6911
-0.5408,6.6924
-0.5409,6.6938
-0.541,6.6951
-0.5411,6.6965
-0.5412,6.6978
-0.5412,6.6991
-0.5413,6.7005
-0.5414,6.7018
-0.5415,6.7031
-0.5416,6.7045
-0.5417,6.7058
-0.5418,6.7071
-0.5418,6.7084
-0.5419,6.7097
-0.542,6.711
-0.5421,6.7123
-0.5422,6.7136
-0.5423,6.7149
-0.5424,6.7162
-0.5424,6.7175
-0.5425,6.7188
-0.5426,6.7201
-0.5427,6.7213
-0.5428,6.7226
-0.5429,6.7239
-0.543,6.7251
-0.543,6.7264
-0.5431,6.7277
-0.5432,6.7289
-0.5433,6.7302
-0.5434,6.7314
-0.5435,6.7327
-0.5436,6.7339
-0.5436,6.7352
-0.5437,6.7364
-0.5438,6.7376
-0.5439,6.7389
-0.544,6.7401
-0.5441,6.7413
-0.5442,6.7425
-0.5443,6.7438
-0.5443,6.745
-0.5444,6.7462
-0.5445,6.7474
-0.5446,6.7486
-0.5447,6.7498
-0.5448,6.751
-0.5449,6.7522
-0.5449,6.7534
-0.545,6.7546
-0.5451,6.7558
-0.5452,6.757
-0.5453,6.7581
-0.5454,6.7593
-0.5455,6.7605
-0.5456,6.7617
-0.5456,6.7628
-0.5457,6.764
-0.5458,6.7652
-0.5459,6.7663
-0.546,6.7675
-0.5461,6.7686
-0.5462,6.7698
-0.5463,6.7709
-0.5463,6.7721
-0.5464,6.7732
-0.5465,6.7743
-0.5466,6.7755
-0.5467,6.7766
-0.5468,6.7777
-0.5469,6.7789
-0.5469,6.78
-0.547,6.7811
-0.5471,6.7822
-0.5472,6.7833
-0.5473,6.7844
-0.5474,6.7856
-0.5475,6.7867
-0.5476,6.7878
-0.5476,6.7889
-0.5477,6.79
-0.5478,6.791
-0.5479,6.7921
-0.548,6.7932
-0.5481,6.7943
-0.5482,6.7954
-0.5483,6.7965
-0.5483,6.7975
-0.5484,6.7986
-0.5485,6.7997
-0.5486,6.8008
-0.5487,6.8018
-0.5488,6.8029
-0.5489,6.8039
-0.5489,6.805
-0.549,6.8061
-0.5491,6.8071
-0.5492,6.8082
-0.5493,6.8092
-0.5494,6.8102
-0.5495,6.8113
-0.5496,6.8123
-0.5496,6.8133
-0.5497,6.8144
-0.5498,6.8154
-0.5499,6.8164
-0.55,6.8175
-0.5501,6.8185
-0.5502,6.8195
-0.5502,6.8205
-0.5503,6.8215
-0.5504,6.8225
-0.5505,6.8235
-0.5506,6.8245
-0.5507,6.8255
-0.5508,6.8265
-0.5508,6.8275
-0.5509,6.8285
-0.551,6.8295
-0.5511,6.8305
-0.5512,6.8315
-0.5513,6.8325
-0.5514,6.8335
-0.5514,6.8344
-0.5515,6.8354
-0.5516,6.8364
-0.5517,6.8374
-0.5518,6.8383
-0.5519,6.8393
-0.552,6.8402
-0.552,6.8412
-0.5521,6.8422
-0.5522,6.8431
-0.5523,6.8441
-0.5524,6.845
-0.5525,6.846
-0.5526,6.8469
-0.5526,6.8479
-0.5527,6.8488
-0.5528,6.8497
-0.5529,6.8507
-0.553,6.8516
-0.5531,6.8525
-0.5532,6.8534
-0.5532,6.8544
-0.5533,6.8553
-0.5534,6.8562
-0.5535,6.8571
-0.5536,6.858
-0.5537,6.859
-0.5537,6.8599
-0.5538,6.8608
-0.5539,6.8617
-0.554,6.8626
-0.5541,6.8635
-0.5542,6.8644
-0.5543,6.8653
-0.5543,6.8662
-0.5544,6.8671
-0.5545,6.8679
-0.5546,6.8688
-0.5547,6.8697
-0.5548,6.8706
-0.5548,6.8715
-0.5549,6.8724
-0.555,6.8732
-0.5551,6.8741
-0.5552,6.875
-0.5553,6.8758
-0.5553,6.8767
-0.5554,6.8776
-0.5555,6.8784
-0.5556,6.8793
-0.5557,6.8801
-0.5558,6.881
-0.5558,6.8818
-0.5559,6.8827
-0.556,6.8835
-0.5561,6.8844
-0.5562,6.8852
-0.5563,6.8861
-0.5563,6.8869
-0.5564,6.8877
-0.5565,6.8886
-0.5566,6.8894
-0.5567,6.8902
-0.5567,6.8911
-0.5568,6.8919
-0.5569,6.8927
-0.557,6.8935
-0.5571,6.8943
-0.5572,6.8952
-0.5572,6.896
-0.5573,6.8968
-0.5574,6.8976
-0.5575,6.8984
-0.5576,6.8992
-0.5577,6.9
-0.5577,6.9008
-0.5578,6.9016
-0.5579,6.9024
-0.558,6.9032
-0.5581,6.904
-0.5581,6.9048
-0.5582,6.9056
-0.5583,6.9063
-0.5584,6.9071
-0.5585,6.9079
-0.5585,6.9087
-0.5586,6.9095
-0.5587,6.9102
-0.5588,6.911
-0.5589,6.9118
-0.5589,6.9126
-0.559,6.9133
-0.5591,6.9141
-0.5592,6.9149
-0.5593,6.9156
-0.5594,6.9164
-0.5594,6.9171
-0.5595,6.9179
-0.5596,6.9186
-0.5597,6.9194
-0.5598,6.9201
-0.5598,6.9209
-0.5599,6.9216
-0.56,6.9224
-0.5601,6.9231
-0.5601,6.9238
-0.5602,6.9246
-0.5603,6.9253
-0.5604,6.9261
-0.5605,6.9268
-0.5605,6.9275
-0.5606,6.9282
-0.5607,6.929
-0.5608,6.9297
-0.5609,6.9304
-0.5609,6.9311
-0.561,6.9318
-0.5611,6.9326
-0.5612,6.9333
-0.5613,6.934
-0.5613,6.9347
-0.5614,6.9354
-0.5615,6.9361
-0.5616,6.9368
-0.5616,6.9375
-0.5617,6.9382
-0.5618,6.9389
-0.5619,6.9396
-0.562,6.9403
-0.562,6.941
-0.5621,6.9417
-0.5622,6.9424
-0.5623,6.9431
-0.5623,6.9437
-0.5624,6.9444
-0.5625,6.9451
-0.5626,6.9458
-0.5626,6.9465
-0.5627,6.9471
-0.5628,6.9478
-0.5629,6.9485
-0.563,6.9492
-0.563,6.9498
-0.5631,6.9505
-0.5632,6.9512
-0.5633,6.9518
-0.5633,6.9525
-0.5634,6.9532
-0.5635,6.9538
-0.5636,6.9545
-0.5636,6.9551
-0.5637,6.9558
-0.5638,6.9564
-0.5639,6.9571
-0.5639,6.9577
-0.564,6.9584
-0.5641,6.959
-0.5642,6.9597
-0.5642,6.9603
-0.5643,6.9609
-0.5644,6.9616
-0.5645,6.9622
-0.5645,6.9628
-0.5646,6.9635
-0.5647,6.9641
-0.5648,6.9647
-0.5648,6.9654
-0.5649,6.966
-0.565,6.9666
-0.5651,6.9672
-0.5651,6.9679
-0.5652,6.9685
-0.5653,6.9691
-0.5654,6.9697
-0.5654,6.9703
-0.5655,6.9709
-0.5656,6.9716
-0.5657,6.9722
-0.5657,6.9728
-0.5658,6.9734
-0.5659,6.974
-0.5659,6.9746
-0.566,6.9752
-0.5661,6.9758
-0.5662,6.9764
-0.5662,6.977
-0.5663,6.9776
-0.5664,6.9782
-0.5665,6.9788
-0.5665,6.9793
-0.5666,6.9799
-0.5667,6.9805
-0.5667,6.9811
-0.5668,6.9817
-0.5669,6.9823
-0.567,6.9829
-0.567,6.9834
-0.5671,6.984
-0.5672,6.9846
-0.5673,6.9852
-0.5673,6.9857
-0.5674,6.9863
-0.5675,6.9869
-0.5675,6.9874
-0.5676,6.988
-0.5677,6.9886
-0.5677,6.9891
-0.5678,6.9897
-0.5679,6.9903
-0.568,6.9908
-0.568,6.9914
-0.5681,6.9919
-0.5682,6.9925
-0.5682,6.993
-0.5683,6.9936
-0.5684,6.9941
-0.5685,6.9947
-0.5685,6.9952
-0.5686,6.9958
-0.5687,6.9963
-0.5687,6.9969
-0.5688,6.9974
-0.5689,6.9979
-0.5689,6.9985
-0.569,6.999
-0.5691,6.9996
-0.5691,7.0001
-0.5692,7.0006
-0.5693,7.0012
-0.5694,7.0017
-0.5694,7.0022
-0.5695,7.0027
-0.5696,7.0033
-0.5696,7.0038
-0.5697,7.0043
-0.5698,7.0048
-0.5698,7.0054
-0.5699,7.0059
-0.57,7.0064
-0.57,7.0069
-0.5701,7.0074
-0.5702,7.0079
-0.5702,7.0084
-0.5703,7.009
-0.5704,7.0095
-0.5704,7.01
-0.5705,7.0105
-0.5706,7.011
-0.5706,7.0115
-0.5707,7.012
-0.5708,7.0125
-0.5708,7.013
-0.5709,7.0135
-0.571,7.014
-0.571,7.0145
-0.5711,7.015
-0.5712,7.0155
-0.5712,7.016
-0.5713,7.0165
-0.5714,7.0169
-0.5714,7.0174
-0.5715,7.0179
-0.5716,7.0184
-0.5716,7.0189
-0.5717,7.0194
-0.5718,7.0198
-0.5718,7.0203
-0.5719,7.0208
-0.572,7.0213
-0.572,7.0218
-0.5721,7.0222
-0.5722,7.0227
-0.5722,7.0232
-0.5723,7.0237
-0.5724,7.0241
-0.5724,7.0246
-0.5725,7.0251
-0.5726,7.0255
-0.5726,7.026
-0.5727,7.0264
-0.5727,7.0269
-0.5728,7.0274
-0.5729,7.0278
-0.5729,7.0283
-0.573,7.0287
-0.5731,7.0292
-0.5731,7.0297
-0.5732,7.0301
-0.5733,7.0306
-0.5733,7.031
-0.5734,7.0315
-0.5734,7.0319
-0.5735,7.0324
-0.5736,7.0328
-0.5736,7.0333
-0.5737,7.0337
-0.5738,7.0341
-0.5738,7.0346
-0.5739,7.035
-0.5739,7.0355
-0.574,7.0359
-0.5741,7.0363
-0.5741,7.0368
-0.5742,7.0372
-0.5743,7.0376
-0.5743,7.0381
-0.5744,7.0385
-0.5744,7.0389
-0.5745,7.0394
-0.5746,7.0398
-0.5746,7.0402
-0.5747,7.0406
-0.5748,7.0411
-0.5748,7.0415
-0.5749,7.0419
-0.5749,7.0423
-0.575,7.0427
-0.5751,7.0432
-0.5751,7.0436
-0.5752,7.044
-0.5752,7.0444
-0.5753,7.0448
-0.5754,7.0452
-0.5754,7.0457
-0.5755,7.0461
-0.5755,7.0465
-0.5756,7.0469
-0.5757,7.0473
-0.5757,7.0477
-0.5758,7.0481
-0.5758,7.0485
-0.5759,7.0489
-0.576,7.0493
-0.576,7.0497
-0.5761,7.0501
-0.5761,7.0505
-0.5762,7.0509
-0.5763,7.0513
-0.5763,7.0517
-0.5764,7.0521
-0.5764,7.0525
-0.5765,7.0529
-0.5765,7.0533
-0.5766,7.0537
-0.5767,7.054
-0.5767,7.0544
-0.5768,7.0548
-0.5768,7.0552
-0.5769,7.0556
-0.577,7.056
-0.577,7.0564
-0.5771,7.0567
-0.5771,7.0571
-0.5772,7.0575
-0.5772,7.0579
-0.5773,7.0583
-0.5774,7.0586
-0.5774,7.059
-0.5775,7.0594
-0.5775,7.0598
-0.5776,7.0601
-0.5776,7.0605
-0.5777,7.0609
-0.5778,7.0612
-0.5778,7.0616
-0.5779,7.062
-0.5779,7.0623
-0.578,7.0627
-0.578,7.0631
-0.5781,7.0634
-0.5782,7.0638
-0.5782,7.0642
-0.5783,7.0645
-0.5783,7.0649
-0.5784,7.0652
-0.5784,7.0656
-0.5785,7.066
-0.5785,7.0663
-0.5786,7.0667
-0.5787,7.067
-0.5787,7.0674
-0.5788,7.0677
-0.5788,7.0681
-0.5789,7.0684
-0.5789,7.0688
-0.579,7.0691
-0.579,7.0695
-0.5791,7.0698
-0.5791,7.0702
-0.5792,7.0705
-0.5793,7.0709
-0.5793,7.0712
-0.5794,7.0715
-0.5794,7.0719
-0.5795,7.0722
-0.5795,7.0726
-0.5796,7.0729
-0.5796,7.0732
-0.5797,7.0736
-0.5797,7.0739
-0.5798,7.0742
-0.5798,7.0746
-0.5799,7.0749
-0.58,7.0752
-0.58,7.0756
-0.5801,7.0759
-0.5801,7.0762
-0.5802,7.0766
-0.5802,7.0769
-0.5803,7.0772
-0.5803,7.0775
-0.5804,7.0779
-0.5804,7.0782
-0.5805,7.0785
-0.5805,7.0788
-0.5806,7.0792
-0.5806,7.0795
-0.5807,7.0798
-0.5807,7.0801
-0.5808,7.0804
-0.5808,7.0808
-0.5809,7.0811
-0.5809,7.0814
-0.581,7.0817
-0.5811,7.082
-0.5811,7.0823
-0.5812,7.0826
-0.5812,7.0829
-0.5813,7.0833
-0.5813,7.0836
-0.5814,7.0839
-0.5814,7.0842
-0.5815,7.0845
-0.5815,7.0848
-0.5816,7.0851
-0.5816,7.0854
-0.5817,7.0857
-0.5817,7.086
-0.5818,7.0863
-0.5818,7.0866
-0.5819,7.0869
-0.5819,7.0872
-0.582,7.0875
-0.582,7.0878
-0.5821,7.0881
-0.5821,7.0884
-0.5822,7.0887
-0.5822,7.089
-0.5823,7.0893
-0.5823,7.0896
-0.5824,7.0899
-0.5824,7.0902
-0.5825,7.0905
-0.5825,7.0908
-0.5826,7.091
-0.5826,7.0913
-0.5827,7.0916
-0.5827,7.0919
-0.5827,7.0922
-0.5828,7.0925
-0.5828,7.0928
-0.5829,7.093
-0.5829,7.0933
-0.583,7.0936
-0.583,7.0939
-0.5831,7.0942
-0.5831,7.0945
-0.5832,7.0947
-0.5832,7.095
-0.5833,7.0953
-0.5833,7.0956
-0.5834,7.0958
-0.5834,7.0961
-0.5835,7.0964
-0.5835,7.0967
-0.5836,7.0969
-0.5836,7.0972
-0.5837,7.0975
-0.5837,7.0978
-0.5838,7.098
